product_id,product_name,total_quantity_sold,sales_category
AI-0853,Metformin 500 mg,140952.0,Fast-Moving
AI-0943,Neurodex FC komb,135160.0,Fast-Moving
AI-0406,Eclid 50 mg,127864.0,Fast-Moving
AI-0190,Candesartan TI 8 mg ,111066.0,Fast-Moving
AI-0958,Nitrokaf Retard Forte 5 mg,107804.0,Fast-Moving
AI-0771,Lansoprazole 30 mg,104275.0,Fast-Moving
AI-0097,Aptor 100 mg,88843.0,Fast-Moving
AI-0860,Methylprednisolone 4 mg,74543.75,Fast-Moving
AI-0106,Asam Mefenamat 500 mg,68437.0,Fast-Moving
AI-0043,Allopurinol 100 mg,61147.0,Fast-Moving
AI-0068,Amlodipin 5 mg,60709.0,Fast-Moving
AI-1168,Renadinac 25 mg,56095.0,Fast-Moving
AI-1028,Osteocal 500 mg,52135.0,Fast-Moving
AI-0067,Amlodipin 10 mg,51334.0,Fast-Moving
AI-0075,Amoxicillin 500 mg,47781.75,Fast-Moving
AI-1057,Paracetamol 500 mg,44826.125,Fast-Moving
AI-1409,Vastigo 6 mg,44380.55,Fast-Moving
AI-0114,Aspilets 80 mg,41659.0,Fast-Moving
R-1203,Kapsul kosong 00,41411.0,Fast-Moving
AI-0577,Glucobay 50 mg,38949.0,Fast-Moving
AI-0578,Glucodex 80 mg,38396.0,Fast-Moving
AI-0241,Cetirizine 10 mg,38137.5,Fast-Moving
AI-0255,Ciprofloxacine 500 mg,37982.0,Fast-Moving
AI-1524,Dilavask 5 mg,37879.0,Fast-Moving
AI-0050,Ambroxol 30 mg,35896.35,Fast-Moving
AI-1284,Spironolacton 25 mg,35063.0,Fast-Moving
AI-0973,Norvask 5 mg,34799.0,Fast-Moving
AI-0836,Meloxicam 15 mg,33857.0,Fast-Moving
R-1202,Kapsul kosong 0,33409.0,Fast-Moving
AI-0156,Bisoprolol 5 mg,32757.0,Fast-Moving
AI-1174,Retaphyl SR 300 mg,32717.5,Fast-Moving
AI-1156,Ranitidine 150 mg,31797.3,Fast-Moving
AI-0565,Glimepiride 2 mg,31590.0,Fast-Moving
AI-1187,Ringer Laktat 500 ml,28900.0,Fast-Moving
AI-0214,Cefadroxil 500 mg,28413.1,Fast-Moving
AI-0188,Canderin 8 mg,28149.0,Fast-Moving
AI-0530,Furosemide 40 mg,28146.0,Fast-Moving
AI-0500,Fitbon 500 mg,27936.0,Fast-Moving
AI-0216,Cefixime 100 mg,27074.5,Fast-Moving
AI-1359,Tramadol 50 mg,26985.2,Fast-Moving
AI-1246,Simvastatin 10 mg,26086.0,Fast-Moving
R-2754,DIOVAN 80 TAB,24994.0,Fast-Moving
AI-0120,Atorvastatin 20 mg,24407.0,Fast-Moving
AI-0052,Amdixal 5 mg,23265.0,Fast-Moving
AI-1290,Starfolat 1 mg,22502.0,Fast-Moving
AI-0957,Nitrokaf Retard 2,22261.0,Fast-Moving
AI-0292,Concor 2,22165.0,Fast-Moving
R-0137,Asam Mefenamat 500mg tab,21477.0,Fast-Moving
R-1480,Methylprednisolone 4mg (REG),20851.0,Fast-Moving
R-1431,MECOBALAMIN 500,20817.0,Fast-Moving
AI-1379,Trolip 100 mg,18107.0,Fast-Moving
AI-1247,Simvastatin 20 mg,17686.0,Fast-Moving
AI-0564,Glimepiride 1 mg,17618.0,Fast-Moving
R-1204,kapsul kosong 1,17198.0,Fast-Moving
AI-0274,Clopisan 75 mg,17122.0,Fast-Moving
AI-0189,Candesartan TI 16 mg,17074.0,Fast-Moving
AI-0837,Meloxicam 7,15323.0,Fast-Moving
AI-1274,Sotatic 10 mg,14891.0,Fast-Moving
AI-0293,Concor 5 mg,14413.0,Fast-Moving
AI-0480,Farsorbid 5 mg,14335.0,Fast-Moving
AI-0066,Amitriptyline 25 mg,14056.85,Fast-Moving
AI-0806,Loratadine 10 mg,13832.0,Fast-Moving
AI-1141,Pyrazinamide 500 mg,13388.0,Fast-Moving
R-3070,NOCID TAB,13380.0,Fast-Moving
AI-1527,Platogrix 75 mg,13147.0,Fast-Moving
AI-0405,Eclid 100 mg,13011.0,Fast-Moving
AI-1549,Allopurinol 300 mg,12991.0,Fast-Moving
AI-1570,DIOVAN 80,12954.0,Fast-Moving
AI-0703,Isosorbid Dinitrat 5 mg,12801.0,Fast-Moving
R-0865,FLU TAB,12445.5,Fast-Moving
AI-0583,Glurenorm 30 mg,12390.0,Fast-Moving
AI-0449,Esvat 20 mg,12387.0,Fast-Moving
AI-1197,Salbutamol 2 mg,12180.5,Fast-Moving
R-0175,Becefort tab,12000.0,Fast-Moving
R-0742,EPERISONE OGB,11948.0,Fast-Moving
R-2077,Sanmol 500 mg,11841.0,Fast-Moving
AI-0222,Ceftriaxone 1000 mg/vi,11628.0,Fast-Moving
R-5154,Valesco 80mg tab,11359.0,Fast-Moving
R-1228,Ketosteril,11256.0,Fast-Moving
R-1512,Milmor,11146.0,Fast-Moving
AI-1017,Ondansetron 4 mg,11003.5,Fast-Moving
R-0481,Clobazam,10902.0,Fast-Moving
AI-1568,Farsix tab,10390.0,Fast-Moving
R-4927,Ramipril 5mg tab,10226.0,Fast-Moving
AI-1345,Thyrozol 5 mg,10219.0,Fast-Moving
AI-0110,Asering 500 ml,10202.0,Fast-Moving
AI-0336,Deculin 15 mg,10188.0,Fast-Moving
AI-1403,Valsartan NI 80 mg,9744.0,Fast-Moving
AI-1243,Simarc 2 mg,9631.0,Fast-Moving
AI-0566,Glimepiride 3 mg,9581.0,Fast-Moving
AI-0051,Amdixal 10 mg,9452.0,Fast-Moving
AI-0181,Cameloc 15 mg,9432.0,Fast-Moving
AI-1410,Vbloc 6,9357.0,Fast-Moving
AI-1131,Propiltiourasil 100 mg,9235.0,Fast-Moving
AI-1132,Propranolol 10 mg,9102.0,Fast-Moving
AI-0389,Domperidone 10 mg,9076.5,Fast-Moving
AI-0763,KSR 600 mg,8992.0,Fast-Moving
AI-1036,Otsu Water Inj 25 ml,8913.0,Fast-Moving
AI-1009,Omeprazole 20 mg,8912.0,Fast-Moving
R-1781,Paracetamol 500mg (REG),8872.5,Fast-Moving
AI-1376,Triheksifenidil HCl 2 mg,8607.0,Fast-Moving
AI-0717,Kalnex 250 mg,8591.0,Fast-Moving
AI-1079,Phenytoin 100 mg,8525.0,Fast-Moving
AI-0609,Harnal Ocas 0,8216.0,Fast-Moving
R-0652,Diovan 160 mg,7921.0,Fast-Moving
AI-0417,Elkana tab,7898.0,Fast-Moving
AI-1530,Nitral  500 mcg,7885.0,Fast-Moving
R-4926,Ramipril 2,7878.0,Fast-Moving
AI-1381,Trunal 50 mg,7870.0,Fast-Moving
AI-0485,Fenaren 50 mg,7823.0,Fast-Moving
AI-0822,Madopar 125 mg,7752.0,Fast-Moving
AI-0458,Euthyrox 0,7593.0,Fast-Moving
R-0436,Chlorpeniramine Maleat 4mg (CTM),7516.95,Fast-Moving
AI-0608,Harnal D 0,7452.0,Fast-Moving
AI-0392,Dorner 20 mcg,7430.0,Fast-Moving
AI-0590,Grahabion komb,7367.0,Fast-Moving
AI-0263,Clindamycin 150 mg,7201.0,Fast-Moving
AI-0947,New Diatab 600 mg,7175.0,Fast-Moving
AI-0374,Digoxine 0,7115.0,Fast-Moving
AI-0297,Cordila SR 180 mg,6927.0,Fast-Moving
AI-0027,Adalat Oros 30 mg,6872.0,Fast-Moving
AI-1178,Rhinofed 70 mg,6837.5,Fast-Moving
AI-0791,Levofloxacin 500 mg,6832.0,Fast-Moving
AI-1060,Paratusin 577 mg tab,6781.0,Fast-Moving
AI-0880,Micardis 80 mg,6766.0,Fast-Moving
AI-0264,Clindamycin 300 mg,6749.0,Fast-Moving
R-1982,Renadinac   50,6734.5,Fast-Moving
AI-0513,Flunarizine 5 mg,6541.5,Fast-Moving
AI-0337,Deculin 30 mg,6541.0,Fast-Moving
AI-1180,Rifampicin 450 mg,6522.0,Fast-Moving
AI-1397,Vaclo 75 mg,6448.0,Fast-Moving
AI-1550,Oralit 200ml,6368.0,Fast-Moving
AI-1000,Olmetec 40 mg,6331.0,Fast-Moving
AI-0091,Anxibloc 10 mg,6150.0,Fast-Moving
AI-0999,Olmetec 20 mg,6068.0,Fast-Moving
AI-1267,Solosa 2 mg,6047.0,Fast-Moving
AI-1169,Renadinac 50 mg,5886.0,Fast-Moving
R-0617,Dextrose 5% 100ml otsu,5871.0,Fast-Moving
R-1050,Hexymer 2 mg,5858.0,Fast-Moving
R-0635,diazepam 2mg,5830.0,Fast-Moving
R-0601,Dexamethason tab,5826.25,Fast-Moving
AI-0875,Metronidazole 500 mg,5654.0,Fast-Moving
AI-0625,Hidroklorotiazid 25 mg,5548.0,Fast-Moving
AI-1401,Valdimex 5 mg,5547.75,Fast-Moving
AI-1157,Ranitidine 50 mg/2 ml,5543.0,Fast-Moving
AI-0187,Canderin 16 mg,5538.0,Fast-Moving
R-1442,Mefinal 500mg,5388.5,Fast-Moving
AI-0651,Hytrin 1 mg,5316.0,Fast-Moving
AI-1565,inoxin tab,5296.25,Fast-Moving
AI-1544,Dimenhydrinate 50 mg,5276.0,Fast-Moving
R-2125,Sirdalud,5274.5,Fast-Moving
AI-0195,Carbloxal 6,5204.0,Fast-Moving
AI-0220,Cefotaxime 1000 mg/vi,5091.0,Fast-Moving
AI-0025,Acyclovir 400 mg,5061.0,Fast-Moving
R-0967,Gliseril Guaiacolat Tab,5043.75,Fast-Moving
AI-1349,Tibitol 250 mg,4944.0,Fast-Moving
R-0835,FG Troches,4914.0,Fast-Moving
AI-0688,Irbedox 300 mg,4859.0,Fast-Moving
AI-1201,Salofalk 250 mg,4846.0,Fast-Moving
AI-0537,Gabexal 300 mg,4797.0,Fast-Moving
R-1390,Lycoxy,4754.0,Fast-Moving
AI-1541,Zilop   300 mg,4685.0,Fast-Moving
R-4929,citicolin tab 500,4631.0,Fast-Moving
AI-0339,Deksametason 5 mg/ml,4600.0,Fast-Moving
R-1311,Lasgan capsul,4466.5,Fast-Moving
R-1297,Lapicef 500mg,4287.0,Fast-Moving
AI-0701,Isoniazide 300 mg,4277.0,Fast-Moving
AI-0098,Arimidex 1 mg,4269.0,Fast-Moving
AI-0694,Irvebal 150 mg,4175.0,Fast-Moving
R-1205,Kapsul kosong 2,4160.0,Fast-Moving
AI-0654,Hytroz 2 mg,4155.0,Fast-Moving
AI-0354,Dexanta 350 mg tab,4075.0,Fast-Moving
R-1220,KERTAS PERKAMEN,4069.0,Fast-Moving
AI-0739,Ketokonazol 200 mg,4037.0,Fast-Moving
AI-1529,Atorsan 20 mg,4022.0,Fast-Moving
AI-1018,Ondansetron 4 mg/2 ml,3943.0,Fast-Moving
AI-1186,Rimstar 4 FDC 900 mg,3917.0,Fast-Moving
AI-1572,diovan 160,3844.0,Fast-Moving
AI-0202,Cardace 5 mg,3818.0,Fast-Moving
R-2464,Vitamin B Complex,3807.0,Fast-Moving
AI-1260,Sod. Chlorida (NaCl) 0,3800.0,Fast-Moving
R-1672,Norvask 5 mg,3786.0,Fast-Moving
R-0455,CITICOLINE INJ,3675.0,Fast-Moving
AI-0335,Decolsin 411 mg caps,3635.0,Fast-Moving
AI-1347,Tiaryt 200 mg,3619.0,Fast-Moving
AI-0744,Ketorolac 30 mg/ml,3602.0,Fast-Moving
AI-0102,Asabium 10 mg,3542.0,Fast-Moving
AI-1545,Kalium Diklofenak 25 mg,3506.0,Fast-Moving
R-2362,Tuzalos,3468.0,Fast-Moving
AI-0782,Leparson 125 mg ,3453.0,Fast-Moving
R-0198,BETAHISTINE 6MG,3445.0,Fast-Moving
R-0122,Aptor tab,3413.0,Fast-Moving
AI-0803,Lodem 30 mg,3339.0,Fast-Moving
AI-1394,Urixin 400 mg,3333.0,Fast-Moving
R-1091,Imunos,3326.0,Fast-Moving
AI-0695,Irvebal 300 mg,3319.0,Fast-Moving
AI-0652,Hytrin 2 mg,3306.0,Fast-Moving
AI-0970,Norelut 5 mg,3287.0,Fast-Moving
AI-1283,Spironolacton 100 mg,3242.0,Fast-Moving
AI-0933,Neo-Mercazole 5 mg,3239.0,Fast-Moving
R-0464,CLANEKSI FORTE TAB,3190.0,Fast-Moving
AI-0430,Eperisone OGB 50 mg,3190.0,Fast-Moving
R-1913,Proneuron tab,3187.0,Fast-Moving
AI-0192,Captopril 25 mg,3175.0,Fast-Moving
AI-1289,Stalevo 325 mg,3162.0,Fast-Moving
AI-0623,Hexymer 2 mg,3149.0,Fast-Moving
AI-1268,Solosa 3 mg,3136.0,Fast-Moving
R-4759,Vitamin C,3130.75,Fast-Moving
AI-0951,Nilacol 500 mg,3110.0,Fast-Moving
AI-0700,Isoniazid 100 mg,3110.0,Fast-Moving
R-4919,CHLORAL HIDRAT SERBUK,3092.0,Fast-Moving
AI-1019,Ondansetron 8 mg,3077.5,Fast-Moving
R-0176,Becom C tab,3074.3,Fast-Moving
R-1869,PRAZOTEC CAPSUL,3037.0,Fast-Moving
R-4492,l- bio,3019.0,Fast-Moving
AI-0094,Apazol 0,3015.0,Fast-Moving
AI-0903,Mucogard 500 mg/5 m,3011.0,Fast-Moving
AI-1402,Valsartan NI 160 mg,2990.0,Fast-Moving
AI-0719,Kalnex 500 mg,2925.0,Fast-Moving
AI-1532,Lyrica  75 mg,2924.0,Fast-Moving
AI-0538,Ganin 300 mg,2915.0,Fast-Moving
AI-0965,Noperten 5 mg,2914.0,Fast-Moving
AI-0271,Clonidine 0,2906.0,Fast-Moving
R-0056,Allopurinol 100mg tab,2904.0,Fast-Moving
AI-0279,Co amoxiclav 625 mg,2861.0,Fast-Moving
AI-0722,Kaltrofen 100 mg (supp),2843.0,Fast-Moving
AI-0851,Mestinon 60 mg,2835.0,Fast-Moving
AI-0484,Femara 2,2830.0,Fast-Moving
R-0775,Ethambutol 500mg,2829.0,Fast-Moving
AI-0740,Ketoprofen 100 mg,2813.0,Fast-Moving
R-1741,Osteocal 500 tab,2760.0,Fast-Moving
R-2786,ECLID 50MG TAB,2756.0,Fast-Moving
AI-1537,Erythromycin   500 mg,2748.5,Fast-Moving
R-1490,Metronidazole 500 mg,2685.0,Fast-Moving
AI-0376,Diltiazem 30 mg,2653.0,Fast-Moving
AI-1152,Ramixal 5 mg,2640.0,Fast-Moving
AI-0162,Braxidin 7,2556.0,Fast-Moving
AI-0366,Diaversa 2 mg,2551.0,Fast-Moving
AI-0180,Calos 500 mg,2523.0,Fast-Moving
AI-0194,Carbamazepine 200 mg,2509.0,Fast-Moving
R-1658,Nonflamin,2490.0,Fast-Moving
R-1267,Lameson 4mg,2487.5,Fast-Moving
AI-0661,Ibuprofen 400 mg,2482.5,Fast-Moving
R-1815,Phenobarbital  30mg,2480.0,Fast-Moving
AI-0095,Apazol 1 mg,2479.0,Fast-Moving
AI-0536,Gabexal 100 mg,2470.0,Fast-Moving
R-1733,Oralit,2466.0,Fast-Moving
R-0094,Amoxsan 500mg cap,2463.0,Fast-Moving
AI-0718,Kalnex 250 mg/5 ml,2461.0,Fast-Moving
AI-1266,Solosa 1 mg,2445.0,Fast-Moving
AI-1185,Rimcure Paed 275 mg,2419.0,Fast-Moving
AI-1035,Otsu RL 500 ml,2393.0,Fast-Moving
AI-1539,AI-1539,2392.0,Fast-Moving
R-0743,Epexol,2371.5,Fast-Moving
R-2346,Trihexyphenidil 2mg,2359.0,Fast-Moving
R-0073,Ambroxol Syr,2352.0,Fast-Moving
AI-1259,Sod. Chlorida (NaCl) 0,2319.0,Fast-Moving
R-1709,OLMETEC 20,2318.0,Fast-Moving
AI-0781,Lenal Ace 667 mg,2305.0,Fast-Moving
R-0607,Dextamin,2297.0,Fast-Moving
AI-1150,Ramixal 10 mg,2295.0,Fast-Moving
AI-1390,Ulsidex 500 mg,2271.0,Fast-Moving
AI-0596,Gratheos 50 mg,2252.0,Fast-Moving
AI-0486,Fenobarbital 30 mg,2231.0,Fast-Moving
AI-1416,Ventolin nebules 2,2226.0,Fast-Moving
R-0651,Dimenhydrinate 50mg,2217.75,Fast-Moving
AI-0347,Depakote ER 500 mg,2210.0,Fast-Moving
AI-1089,Piroxicam 10 mg,2174.0,Fast-Moving
AI-0576,Glucobay 100 mg,2157.0,Fast-Moving
AI-0978,Novalgin 500 mg/ml,2157.0,Fast-Moving
AI-1473,Zink 20 mg,2151.0,Fast-Moving
R-5144,Nufacobal 500mg tab,2143.0,Fast-Moving
AI-0371,Diazole 5 mg/ml,2130.0,Fast-Moving
AI-0183,Cameloc 7,2103.0,Fast-Moving
R-1908,PROMAVIT CAP,2101.0,Fast-Moving
AI-0606,Haloperidol 1,2082.0,Fast-Moving
R-2694,CHROMALUX TAB,2077.0,Fast-Moving
AI-0201,Cardace 2,2048.0,Fast-Moving
R-0495,Codein 20mg,2041.5,Fast-Moving
AI-1183,Rimactazid 450/300 750 mg,2036.0,Fast-Moving
AI-0307,Curcuma 200 mg,2018.0,Fast-Moving
AI-1184,Rimactazid Paed 125 mg,2002.0,Fast-Moving
AI-0671,Induxin 10 IU/ml,2002.0,Fast-Moving
R-4951,Flunarizine hcl 5 mg,1990.0,Fast-Moving
R-2309,Tramadol 50mg,1984.0,Fast-Moving
R-2976,LASAL 2 MG Tab,1961.0,Fast-Moving
R-1116,Infusan RL,1935.0,Fast-Moving
R-1872,Prednison,1921.5,Fast-Moving
R-2054,Salbutamol 4mg,1906.5,Fast-Moving
R-3846,Hansaplast biasa,1900.0,Fast-Moving
AI-0135,Azithromycin 500 mg,1890.0,Fast-Moving
AI-0529,Furosemid 10 mg/ml,1881.0,Fast-Moving
AI-0982,Novo Rapid FlexPen 100 IU/ml,1876.0,Fast-Moving
AI-0353,Dexanta 100 ml syp,1870.0,Fast-Moving
R-1471,Metformin 500,1856.0,Fast-Moving
AI-0539,Gastrofer 40 mg,1820.0,Fast-Moving
AI-1540,Cordila SR 90 mg,1808.0,Fast-Moving
R-2329,Tremenza,1787.5,Fast-Moving
AI-1599,Natrium Diklofenac 50mg,1786.0,Fast-Moving
AI-0567,Glimepiride 4 mg,1779.0,Fast-Moving
R-4910,Molexdryl syp,1766.0,Fast-Moving
AI-1264,Sohobion 5000 mcg,1757.0,Fast-Moving
AI-0616,Herbesser CD 100 mg,1731.0,Fast-Moving
AI-1240,Sifrol ER 375 mcg,1729.0,Fast-Moving
AI-1199,Salbutamol 4 mg,1718.35,Fast-Moving
AI-0950,Nifedipin 10 mg,1715.0,Fast-Moving
AI-1220,Scobutrin 10 mg,1657.0,Fast-Moving
AI-0253,Cilostazol 100 mg,1652.0,Fast-Moving
AI-0598,Griseofulvin 125 mg,1625.0,Fast-Moving
AI-0191,Captopril 12,1609.0,Fast-Moving
R-1963,Ranitidine  Tab,1598.0,Fast-Moving
R-1430,Mecobalamin 250 CAPS,1597.0,Fast-Moving
R-1409,Maltiron PLUS,1593.0,Fast-Moving
R-1561,NaCl 0.9% 100ml Otsuka,1569.0,Fast-Moving
R-0078,Aminefron tab,1542.0,Fast-Moving
AI-0463,Farbivent 2,1539.0,Fast-Moving
AI-0399,Dulcolax 5 mg,1530.0,Fast-Moving
R-3051,NEURALGIN RX TAB,1512.0,Fast-Moving
R-4684,Mucos Tab,1505.25,Fast-Moving
AI-0832,Mecobalamine 500 mcg,1502.0,Fast-Moving
R-0828,FENTANIL 0.05/2ML,1502.0,Fast-Moving
R-0274,Cal 95 tab,1469.0,Fast-Moving
R-2264,Tetracyline 250,1460.0,Fast-Moving
AI-0653,Hytroz 1 mg,1456.0,Fast-Moving
AI-0553,Gentamycin 40 mg/ml,1454.0,Fast-Moving
R-1432,MECOBALAMIN INJ,1440.0,Fast-Moving
R-0340,Cefat 500mg,1431.4,Fast-Moving
AI-0727,Kamadol 50 mg/ml,1430.0,Fast-Moving
R-4027,Micro Fen (BD),1424.0,Fast-Moving
AI-0147,Betaserc 8 mg,1414.0,Fast-Moving
AI-0226,Cendo Lyteers 15 ml,1413.0,Fast-Moving
R-5081,prenatal + DHA,1411.0,Fast-Moving
AI-0024,Acyclovir 200 mg,1410.0,Fast-Moving
AI-0083,Antalgin 500 mg,1401.0,Fast-Moving
R-2467,VITAMIN K Tablet,1396.0,Fast-Moving
AI-1542,Lyrica  50 mg,1385.0,Fast-Moving
AI-1306,Sultrimmix 480 mg,1380.0,Fast-Moving
AI-1056,Paracetamol 120 mg/5ml,1375.0,Fast-Moving
R-3212,RISPERIDONE 2 MG TAB,1374.0,Fast-Moving
R-0168,Baquinor 500mg tab,1371.0,Fast-Moving
R-2492,Vometa FT,1348.0,Fast-Moving
R-5203,Avesco 20mg ,1345.0,Fast-Moving
AI-0557,Glibenclamide 5 mg,1339.0,Fast-Moving
R-2378,UNALIUM 5,1329.5,Fast-Moving
R-4854,Handscoend uk. M Maxter,1305.0,Fast-Moving
AI-1241,Sifrol ER 750 mcg,1286.0,Fast-Moving
AI-0726,Kalxetin 20 mg,1286.0,Fast-Moving
AI-0737,Ketoconazole 200 mg { SALAH },1282.0,Fast-Moving
R-2469,Vitazym,1272.0,Fast-Moving
AI-0826,Maintate 5 mg,1264.0,Fast-Moving
AI-0533,Fusycom 20 mg/gr,1243.0,Fast-Moving
R-1521,Moloco B12,1239.0,Fast-Moving
AI-1551,Tamofen 10 mg,1226.0,Fast-Moving
AI-0964,Noperten 10 mg,1221.0,Fast-Moving
R-5164,Valesco 160 mg,1215.0,Fast-Moving
AI-0854,Metformin 850 mg,1212.0,Fast-Moving
AI-1581,Thyrozol 10mg ,1211.0,Fast-Moving
AI-1439,Voltadex 1%,1197.0,Fast-Moving
AI-1269,Solosa 4 mg,1184.0,Fast-Moving
AI-1181,Rifampicin 600 mg,1180.0,Fast-Moving
R-1629,Neurosanbe Tab,1179.0,Fast-Moving
R-1122,Inoxin 400,1172.0,Fast-Moving
R-2396,Valisanbe 5mg,1165.5,Fast-Moving
R-1623,Neurodex,1158.0,Fast-Moving
R-2053,Salbutamol 2mg,1151.25,Fast-Moving
R-0879,Folavit 400,1145.0,Fast-Moving
R-0074,Ambroxol Tab,1140.0,Fast-Moving
AI-0777,Laxadine 60 ml,1136.0,Fast-Moving
R-0213,Biodiar tab,1127.0,Fast-Moving
AI-0650,Hystolan 20 mg,1125.0,Fast-Moving
R-1715,Omeprazole 20mg,1111.0,Fast-Moving
R-1637,New Diatab,1110.0,Fast-Moving
R-0147,Atmacid 400 tab,1106.0,Fast-Moving
R-5109,Ferro sulfat tab,1104.0,Fast-Moving
R-1700,OBH syr,1097.0,Fast-Moving
R-2495,Vosedon,1097.0,Fast-Moving
AI-1265,Sohobion Injeksi 3 ml,1090.0,Fast-Moving
AI-1281,Spiriva Refill 18 mcg,1083.0,Fast-Moving
R-1082,Imboost Force,1082.0,Fast-Moving
R-1346,Lidocain 2 % inj,1080.0,Fast-Moving
R-1206,kapsul kosong 3,1068.0,Fast-Moving
R-2395,Valisanbe 2mg,1062.25,Fast-Moving
AI-0693,Irtan 300 mg,1059.0,Fast-Moving
R-0235,Bisoprolol 5mg tab,1043.0,Fast-Moving
R-1584,Natrium Diklofenac 50mg (REG),1043.0,Fast-Moving
R-0265,Buscopan 10 mg Tab,1036.0,Fast-Moving
R-0839,FIXACEP 200,1033.0,Fast-Moving
AI-0448,Erythromycin 250 mg,1029.0,Fast-Moving
AI-0254,Ciprofloxacine 2 mg/ml,1013.0,Fast-Moving
R-2272,Thiampenicol 500mg,1007.0,Fast-Moving
R-2946,Isoniazide 300,992.0,Fast-Moving
R-4977,Lezra 2.5 tablet,984.0,Fast-Moving
R-1357,Lipofood,984.0,Fast-Moving
R-1729,ONETIC 4MG TAB,979.0,Fast-Moving
AI-0357,Dexocort 0,969.0,Fast-Moving
AI-0090,Anvomer B6 70 mg,962.0,Fast-Moving
R-0917,Furosemid,956.0,Fast-Moving
R-1919,PRORENAL TAB,954.0,Fast-Moving
AI-1151,Ramixal 2,948.0,Fast-Moving
AI-0825,Maintate 2,943.0,Fast-Moving
AI-0711,KA EN 3 A 500 ml,942.0,Fast-Moving
R-2785,ECLID 100MG TAB,942.0,Fast-Moving
R-4718,Allopurinol 300 tab,942.0,Fast-Moving
AI-0132,Avodart 0,939.0,Fast-Moving
AI-1279,Spiramisin 500 mg,938.0,Fast-Moving
AI-0011,Actapin 5 mg,938.0,Fast-Moving
AI-0812,Lovenox 60 mg/0,925.0,Fast-Moving
R-2006,Rifampicin 450mg,923.0,Fast-Moving
R-2805,ERYSANBE 200MG,922.75,Fast-Moving
R-3841,Handscoend uk. M sensi,914.0,Fast-Moving
AI-1275,Sotatic 5 mg/ml,914.0,Fast-Moving
AI-1561,Yosenob tab,913.0,Fast-Moving
AI-1350,Tibitol 500 mg,902.0,Fast-Moving
AI-1398,Vagistin 500 mg,876.0,Fast-Moving
R-2354,Trolip 100mg,875.0,Fast-Moving
R-2001,RHINOS SR,869.0,Fast-Moving
AI-0721,Kalsium Laktat 500 mg,863.0,Fast-Moving
R-4894,Acarbose 50mg tab,861.0,Fast-Moving
AI-0607,Haloperidol 5 mg,858.0,Fast-Moving
AI-1455,WIDA WI (Unicap) 1000 ml,849.0,Fast-Moving
AI-0760,Kotrimoksazol 480 mg,847.0,Fast-Moving
AI-1556,Telfast OD 120 mg,842.0,Fast-Moving
AI-1327,Tenapril 5 mg,840.0,Fast-Moving
R-1820,Phenytoin,840.0,Fast-Moving
R-3315,TRAMSET TABLET,833.0,Fast-Moving
AI-0720,Kalnex 500 mg/5 ml,833.0,Fast-Moving
R-1117,INH 100mg,831.0,Fast-Moving
R-0143,Aspilets tab,825.0,Fast-Moving
AI-0338,Deksametason 0,824.5,Fast-Moving
AI-1034,Otsu NS 0,824.0,Fast-Moving
R-2253,Teosal Tab,815.0,Fast-Moving
R-2079,Sanmol Syr,814.0,Fast-Moving
R-1115,INFUSAN RING AS,811.0,Fast-Moving
R-0177,Becom Z,807.0,Fast-Moving
R-5050,Letraz 2.5mg tab,804.0,Fast-Moving
AI-0212,Cefadroxil 125 mg/5ml,801.0,Fast-Moving
R-0450,Ciprofloxacin 500mg,798.0,Fast-Moving
AI-0439,Ericaf 1 mg,793.0,Fast-Moving
R-3269,STARCEF CAP 100 MG,782.0,Fast-Moving
AI-0085,Antidia 2 mg,777.0,Fast-Moving
AI-0692,Irtan 150 mg,777.0,Fast-Moving
R-4494,Disp spuit 3 cc onemed,775.0,Fast-Moving
R-0602,Dexamethason inj,772.0,Fast-Moving
R-0545,Curcuma,755.0,Fast-Moving
R-0971,Glucobay 50,750.0,Fast-Moving
R-1449,Meloxicam 15mg,748.0,Fast-Moving
R-0877,FOLAMIL GENIO,746.0,Fast-Moving
R-4673,Kasa Steril Molex,736.0,Fast-Moving
AI-0672,Inerson 0,736.0,Fast-Moving
AI-0617,Herbesser CD 200 mg,726.0,Fast-Moving
AI-0397,Doxycycline 100 mg,724.0,Fast-Moving
AI-1461,Xarelto 10 mg,720.0,Fast-Moving
AI-0859,Methylprednisolone 16 mg,720.0,Fast-Moving
AI-1311,Symbicort 160/4.5mcg,715.0,Fast-Moving
AI-1538,Aricept 5 mg,714.0,Fast-Moving
AI-1316,Tamofen 20 mg,712.0,Fast-Moving
AI-0063,Aminopyline 200 mg,708.0,Fast-Moving
AI-0478,Farsorbid 10 mg,705.0,Fast-Moving
R-0065,alprazolam 1mg,701.0,Fast-Moving
AI-0789,Levemir Flexpen 100 IU/ml,695.0,Fast-Moving
R-2373,Ultracet tab,682.0,Fast-Moving
AI-1137,Pulmicort Respules 0,679.0,Fast-Moving
AI-0390,Dopamet 250 mg,677.0,Fast-Moving
R-0625,Diadium,675.0,Fast-Moving
R-1779,Papaverin Tab,657.0,Fast-Moving
R-0124,Aquades for inj 25 ml Otsuka,651.0,Fast-Moving
R-1944,Pyrazinamide 500mg,651.0,Fast-Moving
R-2340,Tricefin 1gr,651.0,Fast-Moving
R-5271,Amlodipin 5mg ,650.0,Fast-Moving
R-4506,Masker Jilbab Remedi @ 50 pcs,650.0,Fast-Moving
AI-1348,Tibigon 500 mg,649.0,Fast-Moving
AI-1263,Sofra-Tulle 1% 10x10,649.0,Fast-Moving
AI-0261,Citicholin 500 mg,645.0,Fast-Moving
R-2389,V-bloc 6.25 tab,643.0,Fast-Moving
R-2087,Santibi Plus,641.0,Fast-Moving
AI-1031,Otsu - D5 5%,634.0,Fast-Moving
AI-1361,Tranexid 250 mg/5 m,631.0,Fast-Moving
AI-0772,Lantus Solostar Pen 100 IU/ml,630.0,Fast-Moving
R-1615,Neurobion 5000 mg tab,629.0,Fast-Moving
R-1314,Lasix Tab,628.0,Fast-Moving
AI-1392,Urinter 400 mg,622.0,Fast-Moving
AI-1387,Ulsafate 500 mg/5 m,621.0,Fast-Moving
AI-0725,Kalxetin 10 mg,616.0,Fast-Moving
AI-1372,Triaxitrol 5 ml,612.0,Fast-Moving
R-5099,Erphalanz caps,609.0,Fast-Moving
R-3115,Pharmaton Matruelle,605.0,Fast-Moving
R-0423,Cetirizin,600.0,Fast-Moving
R-3434,Angiocath No. 22,598.0,Fast-Moving
R-2434,Viccillin 1000mg/vial,596.0,Fast-Moving
R-2576,Alkohol 70% 100 ml,595.0,Fast-Moving
AI-0881,Miconazol 2%,594.5,Fast-Moving
R-1292,Lapibal 500mg,585.0,Fast-Moving
AI-0450,Etambutol 250 mg,579.0,Fast-Moving
R-1470,Metaneuron,578.0,Fast-Moving
AI-1318,Tanapress 5 mg,572.0,Fast-Moving
R-1165,Ka-EN 1B,572.0,Fast-Moving
AI-0944,Neurovit E 150,571.0,Fast-Moving
R-4111,Opsite 25cm x 10cm,571.0,Fast-Moving
R-4199,Pot 20cc,569.0,Fast-Moving
R-2216,Syntocinon  inj,554.0,Fast-Moving
AI-0710,Ixor 150 mg,552.0,Fast-Moving
AI-1525,Desoximetasone  0,551.0,Fast-Moving
R-4552,Disp Spuit 10 cc Onemed,549.0,Fast-Moving
R-1533,MTX (methotraxate) tab,543.0,Fast-Moving
R-4388,Transfusi Set Stardec,540.0,Fast-Moving
AI-0277,Clozer 100 mg,540.0,Fast-Moving
R-1055,Histapan Tab 50mg,532.0,Fast-Moving
AI-1338,Tetagam 250 IU/amp,532.0,Fast-Moving
R-0720,Elpicef 1,530.0,Fast-Moving
R-0282,Calcium Lactat Tab,529.0,Fast-Moving
R-0428,Chloramfenicol 250,522.0,Fast-Moving
R-0754,Epsonal,520.0,Fast-Moving
AI-0582,Glukosa 5%,516.0,Fast-Moving
R-2282,Thyrax,516.0,Fast-Moving
AI-0518,Fosen 133 ml,510.0,Fast-Moving
R-2450,Vit C manis 25 mg,506.5,Fast-Moving
R-2993,LIVER CARE,506.0,Fast-Moving
R-0251,BRALIN INJ,503.0,Fast-Moving
R-3840,Handscoend uk. M Arista,500.0,Fast-Moving
AI-0118,Atmacid 350 mg kom,500.0,Fast-Moving
AI-1360,Tramadol 50 mg/ml,499.0,Fast-Moving
AI-0996,Ofloxacin 400 mg,499.0,Fast-Moving
R-1023,HCT 25 MG TAB,490.0,Fast-Moving
R-1493,Mevilox 15mg tab,486.0,Fast-Moving
R-4496,Disp spuit 3 cc stera,484.0,Fast-Moving
R-4691,Infus set makrodip polymed,482.0,Fast-Moving
R-4395,T-VIO 2-0,482.0,Fast-Moving
R-0695,Dumin Rectal Supp 125mg,473.0,Fast-Moving
R-3942,IV Catheter Surflo No. 26 Terumo,470.0,Fast-Moving
R-0802,Extrace Inj,467.0,Fast-Moving
AI-0346,Depakote ER 250 mg,465.0,Fast-Moving
AI-1531,Gliquidone     30 mg,465.0,Fast-Moving
AI-1193,Ronem 500 mg/ml,464.0,Fast-Moving
R-2589,Arcoxia 60 mg tab,464.0,Fast-Moving
R-2564,Acid Salicyl,463.715,Fast-Moving
R-0528,Cotrimoxazole 480mg,462.0,Fast-Moving
R-4940,Compraz 30mg tab,460.0,Fast-Moving
AI-0221,Ceftazidime 1000 mg/vi,454.0,Fast-Moving
R-0678,Domperidone,454.0,Fast-Moving
AI-1552,Atorsan 40 mg,454.0,Fast-Moving
AI-0962,NonFlamin 50 mg,453.0,Fast-Moving
R-1265,Laktafit,452.0,Fast-Moving
AI-0260,Citicholin 250 mg/2ml,451.0,Fast-Moving
R-1230,Ketricin tab,444.0,Fast-Moving
R-1580,Nat c 1000,443.0,Fast-Moving
R-1473,Metherinal tab,440.0,Fast-Moving
R-1439,Medixon  4 mg,439.5,Fast-Moving
R-0899,Frego 5mg,439.0,Fast-Moving
AI-1122,Profenid 100 mg,436.0,Fast-Moving
R-0027,Adona AC 50mg Inj,434.0,Fast-Moving
R-0109,Anti hemaroid  supp,433.0,Fast-Moving
R-2625,BICNAT TAB,432.0,Fast-Moving
R-2468,Vitavit syr,431.0,Fast-Moving
R-5321,Fitbon 500mg,426.0,Fast-Moving
R-2002,RHODIUM,424.0,Fast-Moving
AI-1578,Hyperchol 300mg caps,418.0,Fast-Moving
R-0057,Alloris tab,418.0,Fast-Moving
R-4200,Pot 30cc,417.0,Fast-Moving
AI-1456,Widahes 130 6%,417.0,Fast-Moving
AI-1475,Zinkid 10 mg/5 ml,413.0,Fast-Moving
AI-0858,Methylprednisolone 125 mg/2ml,411.0,Fast-Moving
R-1531,MST 10MG,409.0,Fast-Moving
R-0973,Glucodex 80mg,407.0,Fast-Moving
AI-0272,Clopidogrel 75 mg,402.0,Fast-Moving
AI-0910,N-Ace 300 mg/3ml,400.0,Fast-Moving
AI-0047,Alprazolam 1 mg,400.0,Fast-Moving
R-0950,Gentamicine salep kulit,399.5,Fast-Moving
R-0486,Clonidine 0.15mg,399.0,Fast-Moving
R-2767,Disp spuit 3 cc Unzen,396.0,Fast-Moving
R-0247,Brainact 500 mg tab,395.0,Fast-Moving
AI-1462,Xeloda 500 mg,392.0,Fast-Moving
R-0755,Equal,391.0,Fast-Moving
R-0292,Calsivas 5,389.0,Fast-Moving
AI-0645,Hydrocortison 2,385.5,Fast-Moving
R-0733,ENGERIX INJ PEDIATRIK 0.5ML,380.0,Fast-Moving
R-1494,Meviton,380.0,Fast-Moving
R-2085,Sanprima Tab,379.0,Fast-Moving
AI-0143,Berotec MDI 100 mcg/pu,377.0,Fast-Moving
R-0139,Ascardia 80mg tab,376.0,Fast-Moving
R-0111,Antimo tab,375.5,Fast-Moving
R-2119,Simarc 2mg tab,374.0,Fast-Moving
R-2703,CODEIN 10MG,373.5,Fast-Moving
AI-0410,Ecosol Natrium Chlorida 0,370.0,Fast-Moving
R-4405,Urine bag  ,369.0,Fast-Moving
R-2061,Sanadryl Exp 120ml,368.1,Fast-Moving
AI-0580,Gludepatic 500 mg,366.0,Fast-Moving
R-1295,Lapicef 125mg Syr,365.0,Fast-Moving
R-1369,Loratadin 10mg,364.0,Fast-Moving
R-2083,Sanprima Forte,363.0,Fast-Moving
R-4873,Mometasone krim 5gr,362.05,Fast-Moving
R-4913,Cetirizine 5mg/5ml,362.0,Fast-Moving
AI-0073,Amoxicillin 125 mg,362.0,Fast-Moving
AI-0242,Cetirizine 10 mg/mL,361.0,Fast-Moving
R-3267,Spironolactan 25 mg (DEXA),360.0,Fast-Moving
AI-0367,Diaversa 3 mg,360.0,Fast-Moving
R-0806,Ezetrol 10mg,360.0,Fast-Moving
AI-1393,Urispas 200 mg,359.0,Fast-Moving
R-0064,alprazolam 0.5mg,359.0,Fast-Moving
R-5279,Cordila SR 180,359.0,Fast-Moving
R-0679,Dopamet,358.0,Fast-Moving
R-1898,PROCUR PLUS,356.0,Fast-Moving
AI-0039,Alinamin F 25 mg/10 m,356.0,Fast-Moving
R-1894,Procalma licaps,355.0,Fast-Moving
R-0252,BRALIN TAB,354.0,Fast-Moving
AI-0689,Irbesartan 150 mg,352.0,Fast-Moving
R-0539,CRESTOR 10,350.0,Fast-Moving
R-1866,Pravastatin 20mg,344.0,Fast-Moving
R-4662,Mefix 500mg,342.0,Fast-Moving
R-4518,Flu-Tab ,340.0,Fast-Moving
R-1043,Herbesser CD 100,340.0,Fast-Moving
R-0618,Dextrose 5% 500ml otsu,338.0,Fast-Moving
R-0557,Cygest supp 400mg,338.0,Fast-Moving
R-2008,Rifamtibi 450mg,336.0,Fast-Moving
AI-1553,Dobutamin Hameln 250 mg,336.0,Fast-Moving
R-2007,Rifampicin 600mg,334.5,Fast-Moving
R-1710,OLMETEC TAB 40MG,333.0,Fast-Moving
AI-1090,Piroxicam 20 mg,332.0,Fast-Moving
R-0878,Folaplus,328.0,Fast-Moving
AI-0742,Ketorolac 10 mg,327.0,Fast-Moving
R-1831,Piracetam 800mg,327.0,Fast-Moving
R-2826,FARMADOL INFUS,327.0,Fast-Moving
AI-1577,Januvia 50mg tab,326.0,Fast-Moving
R-0206,Bic Natric tab,324.0,Fast-Moving
R-2760,Disp Spuit 1 cc Onemed,324.0,Fast-Moving
R-1073,IBUPROFEN 400,321.5,Fast-Moving
R-5185,grafalin 2,317.0,Fast-Moving
AI-0161,Borraginol N Supp supp Komb,316.0,Fast-Moving
AI-1032,Otsu - KCl. 7,316.0,Fast-Moving
R-5136,CAVIPLEX TAB,314.0,Fast-Moving
R-0231,Bisolvon Inj,313.0,Fast-Moving
AI-0429,Enystin 100.000 IU,312.0,Fast-Moving
AI-0219,Cefixime OGB 100 mg/5ml,312.0,Fast-Moving
AI-1362,Tranexid 500 mg/5 m,312.0,Fast-Moving
R-2258,Terfacef 1gr Vial,310.0,Fast-Moving
R-2761,Disp spuit 1 cc Stera,309.0,Fast-Moving
AI-0477,Farsix 10 mg/ml,308.0,Fast-Moving
AI-1112,Prenatin Plus komb,307.0,Fast-Moving
R-5145,dolocap,306.0,Fast-Moving
R-1092,Imunos syr,306.0,Fast-Moving
R-0102,Analsik  cap,303.0,Fast-Moving
R-0008,Acran 150mg tab,303.0,Fast-Moving
AI-0738,Ketokonazol 2%,301.0,Fast-Moving
R-4932,GLUCOVANCE 500/5mg tab,300.0,Fast-Moving
R-0107,Antasida Doen Syr,300.0,Fast-Moving
R-0224,Biothicol 500 tab,297.0,Fast-Moving
R-3000,LYRICA 75MG CAP,294.0,Fast-Moving
R-1123,Inpepsa 100ml Syr,293.0,Fast-Moving
R-1998,Rhinofed Tab,292.0,Fast-Moving
AI-0150,Binozyt 500 mg,290.0,Fast-Moving
R-1057,HP Pro,289.0,Fast-Moving
R-3967,Kasa Steril,286.0,Fast-Moving
R-4553,DISP spuit 5 cc onemed,285.0,Fast-Moving
AI-0103,Asam Askorbat 50 mg,285.0,Fast-Moving
R-2909,HB-VIT,284.0,Fast-Moving
R-1001,GRACEF 1GR,281.0,Fast-Moving
AI-0411,Ecosol Ringer Laktat 500 ml,281.0,Fast-Moving
R-1695,Nutriflam,279.0,Fast-Moving
AI-0087,Antihemoroid Supositoria 282,279.0,Fast-Moving
R-0808,Falergi 10mg tab,278.0,Fast-Moving
R-1628,Neurosanbe Inj,277.0,Fast-Moving
R-4831,Disp spuit 10 cc stera,277.0,Fast-Moving
R-5283,Fenofibrate 100mg,275.0,Fast-Moving
AI-0455,Ethigent 40 mg/ml,274.0,Fast-Moving
R-4666,Maxcef 500mg Tab,273.0,Fast-Moving
AI-0256,Cisplatin 10 mg/vial,271.0,Fast-Moving
AI-0398,Dulcolax 10 mg,270.0,Fast-Moving
AI-0556,Glaucon 250 mg,270.0,Fast-Moving
R-1070,Hytrin 1 mg,269.0,Fast-Moving
AI-1554,Dexipenem 1.000 mg,269.0,Fast-Moving
R-0358,CEFXON 1GRAM,269.0,Fast-Moving
AI-1059,Paratusin 294,269.0,Fast-Moving
R-2295,Tiriz drop,268.0,Fast-Moving
AI-1107,Povidon Iodine lar 10%/60,266.0,Fast-Moving
R-0752,Eprex 2000,266.0,Fast-Moving
AI-1384,Tykerb 250 mg,265.0,Fast-Moving
R-3433,Angiocath No. 20,265.0,Fast-Moving
R-3122,PLASMINEX TAB,265.0,Fast-Moving
R-4614,UTROGESTAN 100MG,264.0,Fast-Moving
R-1627,Neurosanbe 5000mg,264.0,Fast-Moving
AI-1046,Ozid-G iv 40 mg,263.0,Fast-Moving
AI-0360,Dextromethorphan 15 mg,262.5,Fast-Moving
R-0254,Braxidin Tab tab,261.0,Fast-Moving
R-0744,Epexol syr 120ml,260.0,Fast-Moving
AI-0125,Atropin 0,260.0,Fast-Moving
R-3884,Infus Set Makrodrip Stardec,258.0,Fast-Moving
AI-0468,Farmabes 25 mg/5 ml,255.0,Fast-Moving
R-3435,Angiocath No. 24,254.0,Fast-Moving
R-0377,CENDO CATARLENT ED 5 ML,253.0,Fast-Moving
R-1947,Pyridoxine,252.0,Fast-Moving
R-0406,Cendo Xitrol Eye Drop,252.0,Fast-Moving
AI-0207,Casodex 50 mg,252.0,Fast-Moving
R-2466,Vitamin k 10mg/ml inj,252.0,Fast-Moving
AI-0301,CPG 75 mg,251.0,Fast-Moving
R-1693,Nulacta Plus cap,251.0,Fast-Moving
R-0696,Dumin Rectal Supp 250mg,250.0,Fast-Moving
R-4858,Merislon Tab 12 Mg,249.0,Fast-Moving
R-0371,Cendo Asthenof ED,249.0,Fast-Moving
AI-0874,Metronidazole 5 mg/ml,248.0,Fast-Moving
R-4814,GLUDEPATIC 500,247.0,Fast-Moving
AI-0715,Kalitake 5 gr,247.0,Fast-Moving
R-2078,Sanmol Drop,244.0,Fast-Moving
AI-0096,Apidra Solostar Pen 100 IU/ml,241.0,Fast-Moving
R-4342,Suction Catheter No. 8 Remedi,241.0,Fast-Moving
AI-1027,Osfit 625 mg,240.0,Fast-Moving
R-1469,Mestinon tab,240.0,Fast-Moving
R-3094,OSFIT DHA,240.0,Fast-Moving
R-1280,Lanolin 100GR,237.12,Fast-Moving
R-0267,Buscopan Plus tab,237.0,Fast-Moving
R-5261,Kalium diclofenac 25mg,236.0,Fast-Moving
R-2314,Tramal Sup,234.0,Fast-Moving
R-1027,Hemapo 3000 iu,233.0,Fast-Moving
AI-1317,Tanapress 10 mg,232.0,Fast-Moving
R-3202,RENAX,232.0,Fast-Moving
AI-0049,Ambroxol 15mg/5ml,227.0,Fast-Moving
R-3393,ZYLORIC TAB 300 MG,227.0,Fast-Moving
R-1794,Pehacain inj,227.0,Fast-Moving
R-0891,Forres,225.0,Fast-Moving
AI-0341,Dekstrometorfan 15 mg,225.0,Fast-Moving
AI-0479,Farsorbid 10 mg/ml,224.0,Medium-Moving
R-0089,Amitriptyline 25mg tab,224.0,Medium-Moving
R-2493,Vometa Syr,224.0,Medium-Moving
AI-0981,Novo Mix FlexPen 100 IU/ml,224.0,Medium-Moving
AI-1315,Talk Salicyl 2%,223.0,Medium-Moving
AI-0581,Glukosa 10%,222.0,Medium-Moving
AI-0001,Vagizol Ovula 500mg ,222.0,Medium-Moving
AI-1020,Ondansetron 8 mg/4 ml,220.0,Medium-Moving
AI-0323,Daryant-Tulle 1% 10x10,220.0,Medium-Moving
AI-1297,Stomacer 40 mg,220.0,Medium-Moving
R-2735,Deflamat CR 100,218.0,Medium-Moving
AI-0845,Meropenem 1000 mg/ml,218.0,Medium-Moving
AI-0687,Irbedox 150 mg,217.0,Medium-Moving
AI-0431,Epinefrine 0,215.0,Medium-Moving
R-0192,BERRY VISION TAB,215.0,Medium-Moving
AI-1389,Ulsicral 500 mg/5 ml,215.0,Medium-Moving
AI-0634,Human Albumin 20%,214.0,Medium-Moving
R-0023,Acyclovir 5gr,214.0,Medium-Moving
AI-0670,Indoralyte 100 g/sach,212.0,Medium-Moving
R-0289,Calos 500 tab,210.0,Medium-Moving
AI-0388,Domperidon 5mg/5ml,209.0,Medium-Moving
AI-0409,Ecosol Natrium Chlorida 0,208.0,Medium-Moving
R-3939,IV Catheter No. 22 Terumo,207.0,Medium-Moving
R-2380,Uplores 150mg,207.0,Medium-Moving
R-0517,Concor 5mg,207.0,Medium-Moving
R-2768,Disp spuit 5 cc Unzen,207.0,Medium-Moving
R-2949,ISPRINOL TAB,207.0,Medium-Moving
R-4015,Masker Stardec 50 pcs,206.0,Medium-Moving
AI-1460,Xanvit 7,206.0,Medium-Moving
AI-0534,Futrolit 500 ml,206.0,Medium-Moving
R-0692,Dulcolax 5 mg,204.0,Medium-Moving
AI-0418,Elkana syr,203.0,Medium-Moving
AI-0345,Depakote 250 mg,203.0,Medium-Moving
R-0129,Ardium tab,202.0,Medium-Moving
R-2941,IODINE POVIDON 30ML,202.0,Medium-Moving
R-4619,Folley Catheter No. 16 Urocare,202.0,Medium-Moving
R-4855,Handscoend uk. S Maxter,201.0,Medium-Moving
R-3049,NEULIN PS TAB,200.0,Medium-Moving
AI-1294,Stesolid 10 mg/2 ml inj,200.0,Medium-Moving
AI-1041,Otsu-MgSO4 40%,200.0,Medium-Moving
R-0154,ATS 1500 UI Inj,200.0,Medium-Moving
R-5269,Gabexal 100mg,199.0,Medium-Moving
R-1782,Paracetamol syrup,199.0,Medium-Moving
R-1166,Ka-EN 3A,198.0,Medium-Moving
R-1983,renadinac 25,198.0,Medium-Moving
AI-0648,Hyoscine inj 20 mg/ml,197.0,Medium-Moving
R-1475,Methycobal   inj,195.0,Medium-Moving
R-5206,Amlodipin 10mg tab,195.0,Medium-Moving
R-5256,Gabexal 300mg,192.0,Medium-Moving
R-4522,NORMETEC 20/5MG,192.0,Medium-Moving
R-0851,Flagyl supos 1 gr,192.0,Medium-Moving
R-0128,Arcoxia 90mg tablet,192.0,Medium-Moving
AI-1205,Sanmol 500 mg,190.0,Medium-Moving
AI-0811,Lovenox 40 mg/0,190.0,Medium-Moving
R-1118,INH 300MG,190.0,Medium-Moving
AI-0138,Bamgetol 200 mg,190.0,Medium-Moving
R-0935,Gastrul,190.0,Medium-Moving
AI-1115,Primolut N 5 mg,189.0,Medium-Moving
R-4643,Prolevox 500 Mg,189.0,Medium-Moving
R-0118,Apialys Syr,188.0,Medium-Moving
AI-1415,Ventolin Inhaler 100 mcg/pu,187.0,Medium-Moving
AI-1237,Sesden 30 mg,187.0,Medium-Moving
R-4997,Lupred tab,186.0,Medium-Moving
R-2414,Vectrine caps,186.0,Medium-Moving
AI-1212,Scanaflam 50 mg,185.0,Medium-Moving
AI-1291,Starquin 2 mg/ml,185.0,Medium-Moving
R-2114,Siclidon cap,185.0,Medium-Moving
R-1444,Megabal 500 tab,185.0,Medium-Moving
AI-0503,Fleet Enema 133 ml,184.0,Medium-Moving
R-1302,Lapimox 500mg,183.5,Medium-Moving
R-1600,NEO-K INJ 2MG/ML,183.0,Medium-Moving
R-0093,Amoxsan 250mg cap,183.0,Medium-Moving
R-1728,ONETIC 4MG INJ,182.0,Medium-Moving
R-2431,Verorab Inj,182.0,Medium-Moving
R-4424,Verban 4 x 10 cm,181.0,Medium-Moving
R-2698,CITAZ 100MG,180.0,Medium-Moving
R-3244,SIMPENEM 1 GR,180.0,Medium-Moving
R-3154,PROHEM INJ.,180.0,Medium-Moving
R-1573,Naprex Syr,179.0,Medium-Moving
R-2659,CEFILA 100 CAP,178.0,Medium-Moving
AI-1522,Lyrica 50mg (SALAH),175.0,Medium-Moving
R-2511,Xylocain Jelly 2% 10gr,175.0,Medium-Moving
R-2151,Spiramycin 500mg,174.0,Medium-Moving
R-1827,Piracetam 1200,173.0,Medium-Moving
R-2447,Vit B6 10mg,172.0,Medium-Moving
R-5316,HUFADEXONE 0,171.0,Medium-Moving
R-2497,Vostem Forte Kap,171.0,Medium-Moving
R-1933,Proxidan,169.0,Medium-Moving
AI-0989,OBH 100 ml,168.0,Medium-Moving
AI-0611,Hemapo 3000 IU/ml,167.0,Medium-Moving
R-0108,Antasida Doen Tab,167.0,Medium-Moving
AI-1058,Paracetamol Drop 100 mg/ml,167.0,Medium-Moving
AI-0032,Albendazole 400 mg,167.0,Medium-Moving
R-2160,Sporetic 100mg TAB,166.2,Medium-Moving
R-4658,Artrilox 7.5 mg tab,166.0,Medium-Moving
AI-0669,Indop 200 40 mg/ml,166.0,Medium-Moving
R-1706,Ocuson,165.0,Medium-Moving
AI-0243,Cetirizine 5mg/5ml,165.0,Medium-Moving
AI-0792,Levofloxacin 500 mg/100 ml,160.0,Medium-Moving
AI-1130,Pronalges 100 mg,159.0,Medium-Moving
R-2948,ISPRINOL SYR,159.0,Medium-Moving
AI-1134,Prosogan 30 mg/ml,159.0,Medium-Moving
AI-0174,Burnazin 1%,157.0,Medium-Moving
R-4497,Disp spuit 5 cc stera,156.0,Medium-Moving
R-2391,Vaclo tab,156.0,Medium-Moving
R-1870,Preabor,155.0,Medium-Moving
R-3366,VOMIZOLE INJ,155.0,Medium-Moving
AI-0099,Arixtra 2,153.0,Medium-Moving
AI-0365,Diamicron MR 30 mg,153.0,Medium-Moving
AI-0164,Brexel 20 mg/vial,153.0,Medium-Moving
R-1563,NaCl 0.9% 500ml Otsuka,153.0,Medium-Moving
R-0126,Arcalion 200 tab,152.0,Medium-Moving
R-1155,Isosorbid Dinitrate (ISDN),152.0,Medium-Moving
R-2059,Sanadryl DMP 120ml,151.5,Medium-Moving
R-2531,ZINC capsul,151.0,Medium-Moving
AI-0356,Dexazol 200 mg,151.0,Medium-Moving
R-1830,Piracetam 400mg,151.0,Medium-Moving
R-2547,Zyloric 100 tab,150.0,Medium-Moving
R-5258,Platogrix 75mg,150.0,Medium-Moving
R-1041,Heptasan Tab,149.0,Medium-Moving
R-2153,Spiriva,148.0,Medium-Moving
R-5257,Harnal Ocas,148.0,Medium-Moving
R-2386,Urixin tab,146.0,Medium-Moving
R-3880,Infus set Macro Otsuka OI-24,146.0,Medium-Moving
R-0753,EPREX 4000,145.0,Medium-Moving
AI-1210,Scabimite 5%,144.0,Medium-Moving
R-2000,RHINOS JUNIOR SYR,144.0,Medium-Moving
R-3116,PHARMATON VIT CAPS,143.0,Medium-Moving
AI-0209,Cavit D3 komb,141.0,Medium-Moving
R-4931,Pritagesic tab,141.0,Medium-Moving
R-3285,Sysmuco tab,140.0,Medium-Moving
AI-0679,Inodex 250 mg/vial,140.0,Medium-Moving
R-1143,Iretensa tablet,140.0,Medium-Moving
R-3390,ZINCPRO SYR,139.0,Medium-Moving
R-1777,Pantozol 40,139.0,Medium-Moving
R-3762,Folley Chateter No. 16 Well Lead,138.0,Medium-Moving
R-4938,Laktulosa syp,137.0,Medium-Moving
AI-0385,Dolo Scanneuron 250 mg,137.0,Medium-Moving
R-0194,Betadin sol 60 ml,137.0,Medium-Moving
R-5051,Vitamin A 20.000 tab,136.0,Medium-Moving
R-1481,Metilat,136.0,Medium-Moving
AI-1346,Tiaryt 150 mg/3 m,136.0,Medium-Moving
R-5280,Gabapentin 300mg,135.0,Medium-Moving
R-2872,FOSRENOL Tab,135.0,Medium-Moving
R-3941,IV Catheter No. 24 Terumo,133.0,Medium-Moving
R-0654,Diphenhydramine,133.0,Medium-Moving
R-2280,Thrombophob Gel,133.0,Medium-Moving
R-1697,Nystatin tab,132.0,Medium-Moving
AI-0315,Cytodrox 500 mg,132.0,Medium-Moving
R-1224,Ketoconazole Cream,132.0,Medium-Moving
AI-0451,Etambutol 500 mg,132.0,Medium-Moving
AI-0408,Ecosol Glukosa 5%,132.0,Medium-Moving
AI-0552,Gentamicin 0,131.0,Medium-Moving
R-4495,Disp spuit 50 cc LT terumo,131.0,Medium-Moving
AI-0597,Gravynon 5 mg,131.0,Medium-Moving
AI-0344,Depakene 250 mg/5 m,131.0,Medium-Moving
AI-0818,Lynoral 0,130.0,Medium-Moving
AI-0291,Combivent-UDV 2,129.0,Medium-Moving
R-1296,Lapicef 250mg Syr,129.0,Medium-Moving
R-0098,Amoxycilin 500 tab,128.5,Medium-Moving
R-2800,EPISAN SYR,127.0,Medium-Moving
R-1200,Kandistatin,127.0,Medium-Moving
R-1850,Pletaal 50mg tab,127.0,Medium-Moving
R-1786,paratusin tab,127.0,Medium-Moving
R-0869,Fluimucil  200 cap,127.0,Medium-Moving
R-1985,Renalyte Sol,126.0,Medium-Moving
R-0255,BREATHY DROP (TETES HIDUNG),125.0,Medium-Moving
AI-0281,Codein 10 mg,124.0,Medium-Moving
AI-0031,Albapure 20%,123.0,Medium-Moving
R-1722,ONDANSETRON 4MG TAB,123.0,Medium-Moving
R-4333,Stomach tube (NGT)Fr.16 Terumo,122.0,Medium-Moving
AI-1417,Verapamil 80 mg,122.0,Medium-Moving
R-0313,Carmed cream 40gr 10%,121.08,Medium-Moving
AI-1038,Otsu-D40 40%,121.0,Medium-Moving
AI-1569,Ka-en 1B,121.0,Medium-Moving
AI-1144,Raivas 4 mg/4 ml,121.0,Medium-Moving
AI-1218,Scantipid 300 mg,120.0,Medium-Moving
AI-1118,Probenid 500 mg,120.0,Medium-Moving
R-2626,BIO CAL-95,120.0,Medium-Moving
R-0351,Cefspan  200mg,120.0,Medium-Moving
AI-0134,Azithromycin 250 mg,118.0,Medium-Moving
R-1538,Mucopect  syr,118.0,Medium-Moving
R-2783,Duvadilan amp,118.0,Medium-Moving
R-3886,Infus Set Mikro ,117.0,Medium-Moving
R-2616,BECLOV INJ,117.0,Medium-Moving
R-3936,IV Catheter No. 20 Terumo,117.0,Medium-Moving
R-4547,T-Lene 5-0 CT,117.0,Medium-Moving
AI-1138,Pulmicort Turbuhaler 200 mcg/pu,117.0,Medium-Moving
R-2057,Salicyl Talk,116.05,Medium-Moving
R-1109,Infanrix 0,116.0,Medium-Moving
AI-1598,Ramipril 2,116.0,Medium-Moving
R-0009,Acran Inj,115.0,Medium-Moving
R-2540,Zolmia,115.0,Medium-Moving
R-4690,Fetavita,115.0,Medium-Moving
R-4625,Propyretic 80 supp,115.0,Medium-Moving
R-2580,AMINOPHYLLIN TAB 200MG,113.5,Medium-Moving
R-3197,REJUVIT CAP,113.0,Medium-Moving
R-0812,Farbion,113.0,Medium-Moving
R-1823,Phytomenadione Inj,113.0,Medium-Moving
R-0337,Cefadroxil 500mg,113.0,Medium-Moving
R-0766,Esilgan 2mg,112.0,Medium-Moving
AI-1235,Seretide Inhaler 50 mcg/puf,112.0,Medium-Moving
R-3338,UTROGESTAN 200 MG CAP,112.0,Medium-Moving
AI-1203,Sandimun Neoral 100 mg,111.0,Medium-Moving
R-1064,Hyoscine,111.0,Medium-Moving
AI-1153,Ramolit 100 g/sach,111.0,Medium-Moving
R-2009,Rifamtibi 600mg,111.0,Medium-Moving
R-4777,3 Way stop cock polymed,111.0,Medium-Moving
AI-0956,Nistatin Vaginal 100.000 IU,110.0,Medium-Moving
AI-1296,Stesolid Rectal 5 mg/2,110.0,Medium-Moving
R-3159,PROPYRETIC 160 SUP,110.0,Medium-Moving
R-1416,Martos 10% 500ml,109.0,Medium-Moving
R-1838,PK Kristal,108.5,Medium-Moving
R-2603,ATORSAN 20,108.0,Medium-Moving
R-0022,Acyclovir 400mg tab,107.0,Medium-Moving
R-5035,FES04 TAB,106.0,Medium-Moving
R-2063,Sanazet,105.0,Medium-Moving
R-0342,Cefat syr,105.0,Medium-Moving
AI-0165,Brexel 80 mg/vial,105.0,Medium-Moving
AI-0659,Ibuprofen 200 mg,105.0,Medium-Moving
AI-1295,Stesolid Rectal 10mg/2,105.0,Medium-Moving
R-1046,Herclov tab,104.0,Medium-Moving
R-1565,NaCl 3% Inf,104.0,Medium-Moving
AI-0057,Aminofluid 500 ml,103.0,Medium-Moving
R-2463,VITAMIN A 6000UI,103.0,Medium-Moving
AI-0393,Doxorubicine 10 mg/vial,102.0,Medium-Moving
AI-0676,Infusan Ring AS 500 ml,102.0,Medium-Moving
R-2608,AZOMAX Kaplet,101.0,Medium-Moving
AI-0033,Albothyl 10 ml,101.0,Medium-Moving
R-2081,Sanpicillin 1gr,100.0,Medium-Moving
R-4647,Disp Spuit 1 cc Onemed (SALAH),100.0,Medium-Moving
R-1053,Hidonac inj,100.0,Medium-Moving
R-4812,Milmor Plus,100.0,Medium-Moving
R-5139,Aspirin tablet,100.0,Medium-Moving
AI-1105,Pospargin 0,99.0,Medium-Moving
R-0092,Amoxsan 125mg syr,98.0,Medium-Moving
R-4859,Dismeno Tab,98.0,Medium-Moving
R-1313,Lasix Inj,97.0,Medium-Moving
AI-0178,Calcii Gluconas 100 mg/ml,97.0,Medium-Moving
R-2870,FORMUNO KAPLET,96.0,Medium-Moving
R-0234,Bisolvon tab,96.0,Medium-Moving
R-1324,LCD,95.273,Medium-Moving
R-1581,NATAVIT SOFT CAP,95.0,Medium-Moving
AI-0995,Ofloxacin 200 mg,95.0,Medium-Moving
R-2485,Voltaren SR 75mg,95.0,Medium-Moving
AI-0044,Alpentin 100 mg,95.0,Medium-Moving
R-2033,Ronem 1 gr,95.0,Medium-Moving
AI-0176,Buscopan Plus 510 mg,94.0,Medium-Moving
R-4889,Molexdine sol 15ml,94.0,Medium-Moving
AI-1194,Rosadryl 60 ml,93.0,Medium-Moving
AI-0870,Metotreksat 2,93.0,Medium-Moving
R-0687,Dramamine,93.0,Medium-Moving
R-0123,Aqua 1 LTR WIDA,93.0,Medium-Moving
AI-0504,Flixotide Nebules 0,93.0,Medium-Moving
AI-0441,Eritromisin 500 mg,92.0,Medium-Moving
R-0741,Enzyplex,92.0,Medium-Moving
AI-1382,Tupepe cream 10%,91.5,Medium-Moving
R-1509,Microlax supp,91.0,Medium-Moving
AI-1188,Rinofer 100 mg/5 m,91.0,Medium-Moving
R-1911,Pronalges Sup,90.0,Medium-Moving
R-1504,Micardis 80 mg,90.0,Medium-Moving
R-3152,PROGESTON TAB,90.0,Medium-Moving
AI-1555,Telfast 30 mg,90.0,Medium-Moving
R-2166,STALEVO 100MG,90.0,Medium-Moving
R-2907,HAPSEN  Tab,90.0,Medium-Moving
R-4920,Livalo tab,90.0,Medium-Moving
R-1336,Levertran zalf 15 gr,90.0,Medium-Moving
R-2782,Durogesic 12mg ,90.0,Medium-Moving
AI-1408,Vascon 4 mg/4 ml,88.0,Medium-Moving
AI-0447,Erythromycin 200 mg/5 m,88.0,Medium-Moving
R-1071,Hytrin 2 mg,88.0,Medium-Moving
R-2180,STESOLID SYR 60ML,88.0,Medium-Moving
AI-0532,Fuson 20 mg/gr,87.0,Medium-Moving
R-2823,FARGOXIN INJ,86.0,Medium-Moving
AI-0257,Cisplatin 50 mg/vial,86.0,Medium-Moving
R-0085,Aminophylin Inj,86.0,Medium-Moving
R-1847,Plavix,86.0,Medium-Moving
R-4532,VIPALBUMIN CAP,84.0,Medium-Moving
R-0307,Carbol Glycerin 15ml,84.0,Medium-Moving
AI-1603,Acarbose 50mg,84.0,Medium-Moving
R-2446,Vit A 20.000,83.0,Medium-Moving
R-0345,Cefixim 100mg,82.0,Medium-Moving
R-0134,ARTRODAR TAB,82.0,Medium-Moving
R-4921,Ciproxin 500mg tab,82.0,Medium-Moving
R-0640,DIFENHIDRAMIN 10 MG/ML-PHA,82.0,Medium-Moving
R-2667,CENDO BERRY TAB,81.0,Medium-Moving
R-4539,Disp 10 cc Stera,81.0,Medium-Moving
AI-1341,Tetraspan 6%,81.0,Medium-Moving
R-1542,MUCOS SYR,80.0,Medium-Moving
R-4201,Pot 50cc,80.0,Medium-Moving
R-0291,Calsivas 10,80.0,Medium-Moving
R-3384,Zegavit,80.0,Medium-Moving
R-1339,Levofloxacin 500 tab,80.0,Medium-Moving
R-0239,BLOPRESS 8MG,80.0,Medium-Moving
AI-1324,Taxotere 20 mg,79.0,Medium-Moving
R-4804,Oxytocin inj,79.0,Medium-Moving
AI-1014,OMZ 40 mg,79.0,Medium-Moving
AI-1406,Vancep 500 mg/via,79.0,Medium-Moving
AI-1211,Scanaflam 25 mg,79.0,Medium-Moving
AI-1471,Zidiar 20mg/5ml,78.0,Medium-Moving
R-0388,CENDO LYTERS ED15 ml,78.0,Medium-Moving
R-1537,Mucopect  paed syr 60 ml,78.0,Medium-Moving
AI-0524,Fucilex 20 mg/gr ,78.0,Medium-Moving
R-2412,vastigo 6mg,78.0,Medium-Moving
R-4881,Azytromicin 500 tab,78.0,Medium-Moving
R-4794,Kadiflam 50 mg,78.0,Medium-Moving
R-0317,Cataflam 25 tab,77.0,Medium-Moving
AI-0922,Natrium Phenytoin 100 mg/2 m,77.0,Medium-Moving
R-2920,IKAMICETIN SALEP MATA,77.0,Medium-Moving
R-2328,Transpulmin syr 60ml,77.0,Medium-Moving
R-5001,Visanne tab,76.0,Medium-Moving
R-4843,Urine bag with hanger 2L remedi,76.0,Medium-Moving
R-3195,RECO TETES TELINGA,76.0,Medium-Moving
R-0986,Glumin XR,75.0,Medium-Moving
R-0001,Betrix,75.0,Medium-Moving
AI-0280,Coartem 140 mg,74.0,Medium-Moving
R-1300,Lapiflox 500mg,74.0,Medium-Moving
R-5105,Paracetamol inf (G),74.0,Medium-Moving
R-2415,Vectrine syr,74.0,Medium-Moving
R-3582,Cerplast 45 x 200 @ 5,73.0,Medium-Moving
AI-0748,Kifluzol 150 mg,73.0,Medium-Moving
R-0475,Clindamycin 150mg,73.0,Medium-Moving
R-4905,Methylprednisolon 16mg,73.0,Medium-Moving
AI-0847,Mersikol 300 mg,72.0,Medium-Moving
R-0566,Dansera,72.0,Medium-Moving
R-4534,HEPA-Q TAB,72.0,Medium-Moving
AI-0028,Adona (AC-17) 10 mg,72.0,Medium-Moving
AI-0758,Kotrimoksazol (Pediatrik) 240 mg/5ml,71.0,Medium-Moving
R-4982,Gemcikal 200mg inj,71.0,Medium-Moving
R-3199,RENASISTIN OD,71.0,Medium-Moving
R-3995,Leukoplast 0,71.0,Medium-Moving
R-3194,RECO TETES MATA,70.0,Medium-Moving
R-1877,Prenamia,70.0,Medium-Moving
R-2720,CRIPSA TAB,69.0,Medium-Moving
R-1249,Lacedim 1gr,69.0,Medium-Moving
R-0244,Boraginol S,69.0,Medium-Moving
R-4648,L-ZINC Sirup,69.0,Medium-Moving
R-3164,PSIDII CAP 500MG,69.0,Medium-Moving
R-4771,Matsunaflam 50 mg,68.0,Medium-Moving
R-2480,Voltaren  emulgel 20gr,68.0,Medium-Moving
R-0762,Erythromicin 250,68.0,Medium-Moving
AI-1371,Triatimol 0,68.0,Medium-Moving
AI-0551,Gentamicin 0,67.0,Medium-Moving
R-0216,Bionect cream,67.0,Medium-Moving
AI-1588,Urotractin tab,66.0,Medium-Moving
R-1640,Nicholin 250,66.0,Medium-Moving
R-1536,Mucohexin Tab,65.5,Medium-Moving
R-1583,Natrium Diklofenac 25mg,65.0,Medium-Moving
R-0815,Farmacrol  forte syr 100ml,64.0,Medium-Moving
AI-1101,Plavix 75 mg,64.0,Medium-Moving
R-2815,Euphyllin Retard Mite tab,64.0,Medium-Moving
R-4683,Progesic Tab,64.0,Medium-Moving
AI-1399,Vagizol 500 mg,64.0,Medium-Moving
R-1648,Nimotop,64.0,Medium-Moving
R-1039,Heptamyl,63.0,Medium-Moving
AI-1606,Fenofibrate 300mg,63.0,Medium-Moving
R-1108,INERSON SALEP 15GR,63.0,Medium-Moving
R-0437,Chlorpromazin 100mg (CPZ),63.0,Medium-Moving
R-4936,Lasal exp syp,63.0,Medium-Moving
R-1283,Lansoprazol,62.0,Medium-Moving
R-4245,Sacro Lumbar ,62.0,Medium-Moving
R-1824,Phytomenadione Tab,62.0,Medium-Moving
R-4818,Farlev 500mg tab,62.0,Medium-Moving
R-1677,Novalgin Inj,62.0,Medium-Moving
R-5255,Ondansentron 8 mg,62.0,Medium-Moving
AI-1033,Otsu Manitol 20%,62.0,Medium-Moving
R-1192,Kaltrofen Supp,61.0,Medium-Moving
AI-0952,Nimotop 30 mg,61.0,Medium-Moving
R-5037,RECO SLP MATA,61.0,Medium-Moving
R-1941,Puricemia,61.0,Medium-Moving
AI-1420,Versilon 6 mg,61.0,Medium-Moving
R-2047,Sagestam cream,61.0,Medium-Moving
R-1268,Lameson cap 8 mg,61.0,Medium-Moving
R-5182,Episan syp (BPJS),61.0,Medium-Moving
R-0636,diazepam 5mg,60.7,Medium-Moving
R-1260,LACTAMAM,60.0,Medium-Moving
R-5292,Irbesartan 150,60.0,Medium-Moving
R-5226,Truvas 20 ,60.0,Medium-Moving
R-1657,Nonemi,60.0,Medium-Moving
R-2144,Sotatic 10mg tab,60.0,Medium-Moving
R-2086,SANTA E 200mg TAB,60.0,Medium-Moving
AI-0643,Hustab P 8 mg,60.0,Medium-Moving
R-1028,Hemobion,60.0,Medium-Moving
R-2353,Trizedon MR tab,60.0,Medium-Moving
R-2221,TAMOFEN 10,60.0,Medium-Moving
R-0059,Alora tab,60.0,Medium-Moving
R-4939,Osfit tab,60.0,Medium-Moving
R-1752,otopraf tetes telinga,59.0,Medium-Moving
R-1845,Plasminex Inj,59.0,Medium-Moving
R-0223,Biostrum syr,59.0,Medium-Moving
R-4793,Disp Spuit 1 ml Bbraun,59.0,Medium-Moving
R-1886,Primaquin,59.0,Medium-Moving
R-4789,KB Harmonis Inj 0,58.0,Medium-Moving
R-0242,Boraginol N,58.0,Medium-Moving
AI-0137,Azopt 1%,58.0,Medium-Moving
R-1498,MgSO4 40% inj / magnesium sulfat,58.0,Medium-Moving
R-0106,antalgin tab,58.0,Medium-Moving
AI-0403,Eas Pfimmer 250 ml,58.0,Medium-Moving
R-0792,EVOTHYL 300,58.0,Medium-Moving
R-4639,Idesar Plus @ 30 Cap,58.0,Medium-Moving
R-0169,Baquinor Infus,58.0,Medium-Moving
R-2228,Tantum 60 ml,57.0,Medium-Moving
AI-0712,KA EN 3 B 500 ml,56.0,Medium-Moving
R-0066,Alupent tab,56.0,Medium-Moving
R-0028,Adona Forte tab,56.0,Medium-Moving
R-5278,Bioprexum 5mg,56.0,Medium-Moving
R-3237,Sebivo 600 mg tab,56.0,Medium-Moving
R-2022,Rivanol Kompres 100ml,55.0,Medium-Moving
R-4396,Ultrapromesh 6x11cm UMS-3,55.0,Medium-Moving
R-0344,Cefila Drop,55.0,Medium-Moving
R-0516,Concor 2,55.0,Medium-Moving
R-1229,Ketricin gell,55.0,Medium-Moving
AI-0364,Dialac 1 gram,54.0,Medium-Moving
R-0263,Bufect syr,54.0,Medium-Moving
R-1492,Metronidazole Inf Dexa,54.0,Medium-Moving
R-1244,KSR,53.0,Medium-Moving
R-4548,ACNA CARE CAP,53.0,Medium-Moving
AI-0784,Leucogen 0,53.0,Medium-Moving
R-4773,Triasco inj ,53.0,Medium-Moving
AI-1325,Taxotere 80 mg,53.0,Medium-Moving
AI-0660,Ibuprofen 200 mg/5 m,53.0,Medium-Moving
R-3292,TELFAST OD 120,53.0,Medium-Moving
R-3420,Alkohol 70%,52.0,Medium-Moving
R-2279,Thrombo Aspilet,52.0,Medium-Moving
AI-1045,Oxytetracyclin 1 %,52.0,Medium-Moving
R-4961,Vit c 250mg,52.0,Medium-Moving
R-0341,CEFAT FORTE DRY SYR,52.0,Medium-Moving
R-0476,Clindamycin 300mg,52.0,Medium-Moving
R-5055,Cortex Screw,51.0,Medium-Moving
R-0416,Cerini tab,51.0,Medium-Moving
R-2966,KLIRAN INJ 4MG,51.0,Medium-Moving
R-4626,Propyretic 240 supp,51.0,Medium-Moving
AI-0658,Ibuprofen 100 mg/5 ml,51.0,Medium-Moving
R-0212,Bio ATP tab,51.0,Medium-Moving
AI-0144,Betametason 0,50.0,Medium-Moving
R-2164,STABIXIN INJ,50.0,Medium-Moving
R-3953,Kapas 50gr,50.0,Medium-Moving
R-3238,SELOXY AA,50.0,Medium-Moving
R-2392,Vagistin vaginal,50.0,Medium-Moving
R-2149,SPASMOMEN TAB,50.0,Medium-Moving
AI-0109,Asam Traneksamat 500 mg/5 m amp,50.0,Medium-Moving
R-1069,Hystolan,50.0,Medium-Moving
AI-0971,Norestil 5 mg,49.0,Medium-Moving
R-1571,Nalgestan Tab,49.0,Medium-Moving
R-0026,Adona AC  17 tab,49.0,Medium-Moving
R-1541,Mucos Drop,49.0,Medium-Moving
R-1263,Lactulax Syr 60ml,49.0,Medium-Moving
AI-0311,Cyclophosphamide 50 mg,49.0,Medium-Moving
R-1216,Kenalog In Orabase,48.0,Medium-Moving
AI-0626,Hidrokortison 2,48.0,Medium-Moving
R-2423,Venaron,48.0,Medium-Moving
AI-0203,Cardura 1 mg,48.0,Medium-Moving
R-3004,MECOLA FORTE TAB,48.0,Medium-Moving
R-3167,Pyrantil Pamoat,48.0,Medium-Moving
AI-0618,Herceptin 440 mg/20 ,47.0,Medium-Moving
R-2117,Silex syr,47.0,Medium-Moving
AI-1400,Valdimex 10 mg/2 ml,47.0,Medium-Moving
R-0125,Aquadest 1 Liter Otsuka,47.0,Medium-Moving
R-0613,Dextrose 10% 500ml otsu,47.0,Medium-Moving
R-0756,Ergotamin Coffein 50mg,46.8,Medium-Moving
R-5186,grafalin 4,46.0,Medium-Moving
AI-0541,Gelofusine 4%,46.0,Medium-Moving
R-0356,Ceftriaxon 1gr,46.0,Medium-Moving
R-1613,Neuciti 250 mg inj,46.0,Medium-Moving
R-2358,Trunal DX,46.0,Medium-Moving
R-0719,Elox cream 10 gr,45.5,Medium-Moving
R-1598,Neo mercazole,45.0,Medium-Moving
R-0150,ATP Dankos tab,45.0,Medium-Moving
R-1809,Pethidin Inj,45.0,Medium-Moving
R-0686,Doxiciclin 100,45.0,Medium-Moving
R-1516,Minyak kapak 10ml,45.0,Medium-Moving
AI-0394,Doxorubicine 50 mg/vial,45.0,Medium-Moving
AI-0426,Endoxan 200 mg/via,45.0,Medium-Moving
R-0820,Farsorbid 5mg,45.0,Medium-Moving
R-2020,Ringer Lactate Otsuka 500ml,45.0,Medium-Moving
R-0127,ARCOXIA 120 MG,45.0,Medium-Moving
R-5291,Irbesartan 300mg,44.0,Medium-Moving
R-1999,Rhinos drop,44.0,Medium-Moving
R-0701,Durolone inj,44.0,Medium-Moving
R-5014,N-ace tab,44.0,Medium-Moving
R-1232,KETROS SUPPOS,44.0,Medium-Moving
AI-0765,Kutoin 100 mg,44.0,Medium-Moving
AI-1440,Voluven 6%,43.0,Medium-Moving
R-2716,CORTIDEX TAB,43.0,Medium-Moving
R-0829,FENTANYL 0.05/10ML,43.0,Medium-Moving
R-4585,Disp spuit 20cc LT Onemed,42.0,Medium-Moving
R-0863,floxa ED MDS,42.0,Medium-Moving
R-0700,Durogesic pads,42.0,Medium-Moving
AI-0914,Nasacort AQ 55 mcg/puff,42.0,Medium-Moving
R-4912,SIFROL 0.75,42.0,Medium-Moving
R-1019,Haloperidol 5mg,42.0,Medium-Moving
R-0117,Apialys Drop,42.0,Medium-Moving
AI-0296,Cordarone 150 mg/3 m,42.0,Medium-Moving
R-1508,Microgynon KB (LIBI),41.0,Medium-Moving
R-3165,PSIDII SYRUP 60 ML,41.0,Medium-Moving
R-1068,HYPOBHAC 100MG INJ,41.0,Medium-Moving
R-0540,Crestor 20 mg,41.0,Medium-Moving
R-4934,Rindopump inj,41.0,Medium-Moving
R-3251,SOFRATULLE,41.0,Medium-Moving
R-0534,Counterpain PXM,40.0,Medium-Moving
R-3146,Probio,40.0,Medium-Moving
R-1241,Kolkatriol,40.0,Medium-Moving
R-1997,Rhinofed Syr,40.0,Medium-Moving
R-0352,Cefspan 100,40.0,Medium-Moving
R-1419,Matovit,40.0,Medium-Moving
R-2496,Vosedon syr,40.0,Medium-Moving
R-2827,R-2827,40.0,Medium-Moving
R-3885,Infus set Microdrip Otsuka,40.0,Medium-Moving
R-5199,Infus set makro GEA,39.0,Medium-Moving
R-2885,GLUTROP TAB,39.0,Medium-Moving
R-1176,KALIUM PERMANGANAT POWDER,39.0,Medium-Moving
AI-0113,Aspar K 300 mg,39.0,Medium-Moving
R-2428,Ventolin Nebules,39.0,Medium-Moving
AI-1072,Perdipine 10 mg/10 ml,39.0,Medium-Moving
AI-1288,Sporrex 2%,39.0,Medium-Moving
R-1491,Metronidazole Fresenius,39.0,Medium-Moving
R-4747,Ryvel Drop 10 ml,39.0,Medium-Moving
R-0130,ARICEPT 5MG,39.0,Medium-Moving
R-4686,Phental inj,38.0,Medium-Moving
AI-0545,Gemtavis 200 mg/vial,38.0,Medium-Moving
R-1776,Pantozol 20mg Tab,38.0,Medium-Moving
AI-1548,Dulcolax Supp Infant  5 mg,38.0,Medium-Moving
R-1120,Inolin,38.0,Medium-Moving
AI-1419,Verorab 0,38.0,Medium-Moving
R-1227,Ketorolac 3% inj,38.0,Medium-Moving
AI-0977,Novaldo 500 mg/ml,38.0,Medium-Moving
R-3001,MALTOFER FOL CHEW,37.0,Medium-Moving
R-0478,Clinium 300,37.0,Medium-Moving
R-4410,Urine Bag Terumo,37.0,Medium-Moving
R-0876,Folamil,36.0,Medium-Moving
R-1591,Needle Novofina,36.0,Medium-Moving
R-1601,Neomercazole tab,36.0,Medium-Moving
AI-0223,Cellcept 500 mg,36.0,Medium-Moving
R-4838,Pentabio inj,36.0,Medium-Moving
R-5104,Travilon 250 mg,36.0,Medium-Moving
R-2351,Tripanzym,36.0,Medium-Moving
R-4915,Hezandra caplet,36.0,Medium-Moving
AI-1040,Otsu-MgSO4 20%,35.0,Medium-Moving
R-0668,Doksisiklin 100mg tab,35.0,Medium-Moving
R-0141,Asering infus,35.0,Medium-Moving
R-1574,Narfoz 4 mg,35.0,Medium-Moving
R-0536,Cravit 500 mg,35.0,Medium-Moving
R-5042,Farbion inj,35.0,Medium-Moving
R-4347,Suction Chateter No. 10 Remedi,35.0,Medium-Moving
R-1772,Pankreoflat,35.0,Medium-Moving
R-3934,IV Catheter No. 18 Terumo,35.0,Medium-Moving
R-0361,Celebrex 200mg,35.0,Medium-Moving
R-0925,Garam inggris,34.0,Medium-Moving
AI-1423,Viccillin 1000 mg,34.0,Medium-Moving
R-1375,Lotion komer feldi 100 cc,34.0,Medium-Moving
R-2452,Vit K 10,34.0,Medium-Moving
R-5079,erphacef ,34.0,Medium-Moving
R-4992,clafexim inj,33.0,Medium-Moving
AI-0664,Iliadin Spray 0,32.0,Medium-Moving
AI-1576,Paracetamol infus,32.0,Medium-Moving
R-4675,Motadermm Cr 5 gr,32.0,Medium-Moving
AI-1280,Spiriva Combo 18 mcg,32.0,Medium-Moving
R-0615,Dextrose 40% 25ml,32.0,Medium-Moving
R-4883,Tentalux oint,32.0,Medium-Moving
R-0142,Aspar K tab,32.0,Medium-Moving
R-4885,Omeprazol inj,31.0,Medium-Moving
AI-0127,ATS 1.500,31.0,Medium-Moving
R-5236,Spuit 3 cc Cosmomed,31.0,Medium-Moving
R-2245,Tempra syr 60 ml,31.0,Medium-Moving
R-2663,CEFSIX 1GR INJ,31.0,Medium-Moving
R-3138,PRADAXA 75 MG,30.0,Medium-Moving
AI-0252,Cholespar 10 mg,30.0,Medium-Moving
AI-0705,Isotic Adretor 0,30.0,Medium-Moving
R-3394,ZYPRAZ 0.5 MG TAB,30.0,Medium-Moving
AI-1557,Prednison,30.0,Medium-Moving
AI-0100,Aromasin 25 mg,30.0,Medium-Moving
AI-0649,HyperHeb B 0,30.0,Medium-Moving
R-4645,cendo vital tab,30.0,Medium-Moving
AI-1523,pravastatin tab 20 ,30.0,Medium-Moving
R-0030,Aerius   tab,30.0,Medium-Moving
R-5302,Ramixal 5mg,30.0,Medium-Moving
R-1788,Pariet Tab,30.0,Medium-Moving
R-4805,Calnic tab,30.0,Medium-Moving
R-2013,Rimactazide 450/300,30.0,Medium-Moving
R-1086,Imdur,30.0,Medium-Moving
R-2357,Trovensis 8mg tab,30.0,Medium-Moving
R-1354,LIPANTHYL SUPRA 160MG,30.0,Medium-Moving
R-1288,Lanturol 400,30.0,Medium-Moving
R-1322,LAZ,30.0,Medium-Moving
R-2382,Urdafalk,30.0,Medium-Moving
R-2388,Urotractin tab,30.0,Medium-Moving
R-1353,LIPANTHYL 300,30.0,Medium-Moving
AI-0010,Actapin 10 mg,30.0,Medium-Moving
AI-1109,Pradaxa 75 mg,30.0,Medium-Moving
R-0153,Atropin Sulfas 0.25mg Inj,30.0,Medium-Moving
R-4922,Ciproxin tab,30.0,Medium-Moving
R-4911,Zantac 150mg tab,30.0,Medium-Moving
R-2718,COXAVIT,30.0,Medium-Moving
R-2874,FUNGISTOP 500MG,30.0,Medium-Moving
R-1293,Lapibion,30.0,Medium-Moving
R-0266,Buscopan Inj,30.0,Medium-Moving
R-1539,Mucopect drop,30.0,Medium-Moving
R-0309,Cardio Aspirin tab,30.0,Medium-Moving
R-2844,FLUIMUCIL 600 MG TAB,30.0,Medium-Moving
R-3153,PROHELIC TAB,30.0,Medium-Moving
R-1523,Morphin,30.0,Medium-Moving
R-1964,Ranitidine Inj,30.0,Medium-Moving
R-4197,Polypropylene 5-0 DS 19,29.0,Medium-Moving
AI-0427,Endoxan 500 mg/via,29.0,Medium-Moving
R-4593,Trichodazol plus ovula,29.0,Medium-Moving
R-0765,Esilgan  1 mg,29.0,Medium-Moving
R-0196,BETADINE SOL 30ML,29.0,Medium-Moving
R-2122,Simvastatin 20mg,29.0,Medium-Moving
R-4782,Disp spuit 5cc Bbraun,29.0,Medium-Moving
R-4865,Chloral Hidrat ml,28.725,Medium-Moving
R-5288,Trifadium 2mg ,28.0,Medium-Moving
R-0359,Celcef tab,28.0,Medium-Moving
R-0757,ERICAF,28.0,Medium-Moving
R-2374,Ultraproct N supp,28.0,Medium-Moving
AI-0115,Asthenof 0,28.0,Medium-Moving
R-1589,Nebacetin 5gr,28.0,Medium-Moving
R-4729,Desoximetasone 0.25 cr 15 gr,28.0,Medium-Moving
R-2769,Disp spuit 50 cc Onemed LP,28.0,Medium-Moving
R-1849,Pletaal 100mg,28.0,Medium-Moving
R-4998,Farsix inj,28.0,Medium-Moving
R-1606,Nephrolit,28.0,Medium-Moving
R-1223,Ketesse,27.5,Medium-Moving
R-5075,INTRAMOL SYR,27.0,Medium-Moving
R-3015,MEZATRIM 250,27.0,Medium-Moving
R-0233,Bisolvon Syr,27.0,Medium-Moving
R-2236,Taxegram 1gr,27.0,Medium-Moving
R-2212,Symbicort Turbuheler 160/4.5 60 dosis,27.0,Medium-Moving
R-4540,RYVEL SYRUP,27.0,Medium-Moving
R-0002,ABBOTIC XL 500,27.0,Medium-Moving
R-0336,Cefadroxil 250mg,26.0,Medium-Moving
R-1532,MST 15MG,26.0,Medium-Moving
R-2730,DARYACEF INJ,26.0,Medium-Moving
R-2620,BENZATIN BENZ.PEN 1,26.0,Medium-Moving
R-0910,Fuladic cream 5gr,26.0,Medium-Moving
R-1540,Mucopect tab,26.0,Medium-Moving
R-4387,Tranfusi set JMS,26.0,Medium-Moving
R-3624,Condom Cath (M),26.0,Medium-Moving
R-2032,Ronalgin,26.0,Medium-Moving
R-2098,Seloxy,26.0,Medium-Moving
R-2465,Vitamin E 10mg,26.0,Medium-Moving
R-5117,LANOLIN 50GR,25.31,Medium-Moving
R-3623,Condom Cath (L),25.0,Medium-Moving
AI-0508,Fluconazole 200 mg/100,25.0,Medium-Moving
R-3931,IV Catheter No. 14 Terumo,25.0,Medium-Moving
R-4371,Tensocrepe 4inch,25.0,Medium-Moving
AI-0506,Floxa 3 mg/0.6 m,25.0,Medium-Moving
R-0604,dexanta syr,25.0,Medium-Moving
R-2424,Venofer,25.0,Medium-Moving
AI-0211,Cedocard 10 mg/ml,25.0,Medium-Moving
R-1222,KETESE INJ 50MG,25.0,Medium-Moving
R-0608,Dextamin Syr,25.0,Medium-Moving
R-1462,Merislon,25.0,Medium-Moving
R-0237,Blesifen tab,25.0,Medium-Moving
R-1410,Maltofer tab,24.0,Medium-Moving
R-1173,KALFOXIM 1GRAM,24.0,Medium-Moving
R-0512,Combivent nebules,24.0,Medium-Moving
R-3572,Cathejell 12,24.0,Medium-Moving
R-4513,Folley Catheter No. 18 Well Lead,24.0,Medium-Moving
R-0703,Duvadilan,24.0,Medium-Moving
AI-0270,Clonex 500 mg,24.0,Medium-Moving
R-0763,Erythromicin 500,24.0,Medium-Moving
R-0688,Dramasin,24.0,Medium-Moving
AI-1054,Pantoprazole 40 mg ,24.0,Medium-Moving
R-1318,Laxadine 60ml Syr,24.0,Medium-Moving
R-0350,Cefotaxim 1gr,23.0,Medium-Moving
R-1939,Pumpitor 10mg,23.0,Medium-Moving
AI-0942,Neurobion 5000 mcg,23.0,Medium-Moving
R-2096,Scopma tablet,23.0,Medium-Moving
R-3283,SURFLO-W 26G (salah),23.0,Medium-Moving
R-1554,Myonal,23.0,Medium-Moving
R-3736,Folley Catheter 3 Way No. 24 Rusch,23.0,Medium-Moving
R-3247,SIRPLUS SYR,23.0,Medium-Moving
R-0075,AMDIXAL 5,23.0,Medium-Moving
R-0268,Buvanest 0,23.0,Medium-Moving
AI-0746,Ketricin Orabase 0,23.0,Medium-Moving
R-2084,Sanprima Syr,23.0,Medium-Moving
R-4696,Folley Catheter No. 18 Urocare,23.0,Medium-Moving
R-4783,Disp spuit 10cc Bbraun,23.0,Medium-Moving
AI-0615,Herbesser 50 mg/amp,23.0,Medium-Moving
R-0529,Cotrimoxazole syr   60 ml,22.0,Medium-Moving
R-4681,R-4681,22.0,Medium-Moving
R-2343,TRICLOFEM,22.0,Medium-Moving
AI-0196,Carboplatin 150 mg/15 ,22.0,Medium-Moving
R-0053,Alinamin F Inj,22.0,Medium-Moving
AI-1457,Widahes 6%,22.0,Medium-Moving
R-1861,POVIDON IODINE 10% 60ML REG,21.0,Medium-Moving
R-0052,Alinamin F  tab,21.0,Medium-Moving
AI-0129,Avamys 120 dosis,21.0,Medium-Moving
R-1072,Ibuprofen  200,21.0,Medium-Moving
R-3286,T-VIO 2-0,21.0,Medium-Moving
R-1545,Mucosta 10,21.0,Medium-Moving
R-0101,ampicillin inj 1gr,21.0,Medium-Moving
R-2195,Stugeron Tab,21.0,Medium-Moving
R-0221,Biosanbe tab,21.0,Medium-Moving
R-1483,Metoclopramid Inj,21.0,Medium-Moving
R-1476,Methycobal 500,21.0,Medium-Moving
R-1846,Platof,21.0,Medium-Moving
R-0706,ECATROL 0.25,20.0,Medium-Moving
R-0040,Albothyl 10 ml,20.0,Medium-Moving
R-5034,GALVUSMET TAB,20.0,Medium-Moving
AI-0499,Fimahes 6%,20.0,Medium-Moving
R-4501,Disp spuit 50 cc terumo LP,20.0,Medium-Moving
R-4372,Tensocrepe 6inch,20.0,Medium-Moving
R-0396,CENDO POLYGRAN ED,20.0,Medium-Moving
R-0445,CIFLON KAPLET,20.0,Medium-Moving
AI-1543,Nova T  ,20.0,Medium-Moving
R-1740,Oste Forte,20.0,Medium-Moving
R-5045,4.5 Cortex Screw L 14-50 mm,20.0,Medium-Moving
R-0978,Glucosamin 500 tab,20.0,Medium-Moving
R-4784,Granisetron inj 1 ml,20.0,Medium-Moving
R-2871,FORMYCO 200 TAB,20.0,Medium-Moving
R-4986,Gemcikal 1000 inj,20.0,Medium-Moving
R-3155,PROLACTA FOR MOTHER,20.0,Medium-Moving
R-4853,Baquinor 250mg tab,20.0,Medium-Moving
R-1472,Methergin Inj,20.0,Medium-Moving
R-1474,Methioson,20.0,Medium-Moving
R-1338,Levocin tab 500 mg,20.0,Medium-Moving
R-2618,BEDAK SALICYL 2%,20.0,Medium-Moving
R-0219,Bioplacenton,20.0,Medium-Moving
R-2229,Tantum Verde 120ml,20.0,Medium-Moving
R-1399,Madecassol,20.0,Medium-Moving
R-0666,Dogmatil,20.0,Medium-Moving
R-0785,EUPHYLLIN RETARD TAB,20.0,Medium-Moving
R-0554,Cyclofem,20.0,Medium-Moving
AI-0029,Adona (AC-17) 5 mg/ml,19.0,Slow-Moving
R-2310,Tramadol inj,19.0,Slow-Moving
R-1310,Lasal syr,19.0,Slow-Moving
R-2270,Theragran M,19.0,Slow-Moving
AI-0766,Kutoin 100 mg/2 ml,19.0,Slow-Moving
AI-0838,Meloxicam Supp 15 mg,19.0,Slow-Moving
R-2873,FREGO 10 MG TAB,19.0,Slow-Moving
R-0532,Counterpain 30 gr cream,19.0,Slow-Moving
R-1174,Kalitake sach,19.0,Slow-Moving
R-0357,Ceftum 1 gr,19.0,Slow-Moving
R-0096,Amoxsan Forte syr,19.0,Slow-Moving
AI-0876,Metronidazole 250 mg,19.0,Slow-Moving
AI-1196,Salbutamol 100 ml,18.5,Slow-Moving
R-1236,Kloderma cr 5gr,18.5,Slow-Moving
R-2602,ATOFAR 20,18.0,Slow-Moving
R-1321,Laxatab,18.0,Slow-Moving
R-3166,PUMPITOR INJ,18.0,Slow-Moving
R-3059,NGT 16,18.0,Slow-Moving
R-3257,SOHOBION 5000 INJ,18.0,Slow-Moving
AI-1100,Platosin RTUS 50 mg/vial,18.0,Slow-Moving
AI-0155,Bisolvon Kids 4mg/5ml,18.0,Slow-Moving
R-0693,Dulcolax 5mg Supp paed,18.0,Slow-Moving
AI-1233,Seretide Diskus 250 mcg/pu,18.0,Slow-Moving
R-4334,Stomach tube (NGT)Fr.18 Terumo,18.0,Slow-Moving
R-4878,MIOZIDIN TAB,18.0,Slow-Moving
AI-0167,Bricasma Turbuhaler 0,18.0,Slow-Moving
R-2019,Ringer dextrose Wida,18.0,Slow-Moving
AI-0107,Asam Traneksamat 250 mg/5 m,18.0,Slow-Moving
R-4668,Trolac 30 mg inj,18.0,Slow-Moving
R-1190,Kaltrofen 100mg,17.5,Slow-Moving
R-2658,CEFEPIME INJ,17.0,Slow-Moving
R-3843,Handscoend uk. S Arista,17.0,Slow-Moving
R-1547,Myco Z oin,17.0,Slow-Moving
AI-1239,Sibital 200 mg/2 m,17.0,Slow-Moving
R-4714,Udopa Inj,17.0,Slow-Moving
R-0315,Carpiaton 25,17.0,Slow-Moving
R-2821,FARBIVEN INJ,17.0,Slow-Moving
AI-0197,Carboplatin 450 mg/45 ,17.0,Slow-Moving
R-2307,Tradosik,17.0,Slow-Moving
AI-1521,Fludexin syr,17.0,Slow-Moving
R-2508,Xanvit syr 60ml,17.0,Slow-Moving
R-1775,Pantozol  Inj,17.0,Slow-Moving
R-2458,Vitacid 0,16.65,Slow-Moving
AI-0248,Chloramfecort 45 mg,16.5,Slow-Moving
R-2076,Sanmag Syr 120cc,16.0,Slow-Moving
R-2491,Vometa Drop,16.0,Slow-Moving
AI-0238,Cetadop 40 mg/ml,16.0,Slow-Moving
R-3200,Renatac injeksi,16.0,Slow-Moving
R-0919,fuson,16.0,Slow-Moving
R-1572,NAPREX DROP,16.0,Slow-Moving
R-1723,ONDANSETRON 4MG/2ML INJ,16.0,Slow-Moving
AI-0119,Atmacid 60 ml kom,16.0,Slow-Moving
R-2756,Disp Spuit 10 cc PD,16.0,Slow-Moving
AI-0938,Nerilon 0,16.0,Slow-Moving
R-0760,Erysanbe 500,16.0,Slow-Moving
R-1168,Ka-EN 4A,16.0,Slow-Moving
R-2529,Zibac amp,16.0,Slow-Moving
R-1834,pirantel pamoat 125mg,16.0,Slow-Moving
AI-1061,Paxus 100 mg/via,16.0,Slow-Moving
R-4677,Fixacep oral drop,16.0,Slow-Moving
R-4328,Stomach tube (NGT)Fr. 5  JMS,16.0,Slow-Moving
R-0641,Diflucan 150,16.0,Slow-Moving
R-2244,TEMPRA FORTE 60ML,16.0,Slow-Moving
R-2899,H2 O2 3 %,15.35,Slow-Moving
R-5140,L-Core sach,15.0,Slow-Moving
R-4667,Yosenob 300 mg,15.0,Slow-Moving
AI-1230,Septika lar 10%/60,15.0,Slow-Moving
R-5315,OMEDRINATE TAB,15.0,Slow-Moving
R-3150,PROFIBRAT 200,15.0,Slow-Moving
AI-0665,Improvox 625 mg,15.0,Slow-Moving
R-4995,Dicynone tablet,15.0,Slow-Moving
R-4329,Stomach tube (NGT)Fr. 8 JMS,15.0,Slow-Moving
AI-0060,Aminoleban 500 ml,15.0,Slow-Moving
R-1482,Metoclopramid 10mg,15.0,Slow-Moving
AI-1320,Tapros 3,15.0,Slow-Moving
AI-0936,Nepatic 300 mg,15.0,Slow-Moving
R-3069,NOBOR TAB,15.0,Slow-Moving
R-4628,KEREN TAB 25MG,15.0,Slow-Moving
R-4737,Norestil tab,15.0,Slow-Moving
AI-1442,Vometraz 4 mg/2 ml,15.0,Slow-Moving
AI-1463,Xitrol 3,15.0,Slow-Moving
R-2879,GLAUCON TAB,15.0,Slow-Moving
R-0338,Cefadroxil syr,15.0,Slow-Moving
R-0418,Cervarix injeksi,15.0,Slow-Moving
R-0360,Celebrex 100mg,15.0,Slow-Moving
R-2526,Zegase tab,15.0,Slow-Moving
R-3391,ZINKID SYR,15.0,Slow-Moving
R-1744,Osteocom,15.0,Slow-Moving
AI-1575,fungatin drop,15.0,Slow-Moving
R-4914,Hezandra tab,15.0,Slow-Moving
R-2963,KETOMED CREAM ,14.5,Slow-Moving
R-1707,Ofloxacin 200mg,14.0,Slow-Moving
AI-0517,Fortanest 5 mg/5 ml,14.0,Slow-Moving
R-5284,BIO PREXUM 5 MG,14.0,Slow-Moving
AI-1222,Sebivo 600 mg,14.0,Slow-Moving
R-2796,ENTRAMIX VANILA,14.0,Slow-Moving
AI-1427,Vincristine 2 mg/vial,14.0,Slow-Moving
R-1175,Kalium Diklofenac 50mg,14.0,Slow-Moving
AI-0359,Dextromethorphan 10 mg/5 ml,14.0,Slow-Moving
R-1429,Mebo Cream,14.0,Slow-Moving
AI-1385,Udopa 40 mg/ml,14.0,Slow-Moving
AI-1305,Sultrimmix 240 mg/5ml,14.0,Slow-Moving
R-3130,POSOP ED MDS,14.0,Slow-Moving
R-0095,Amoxsan Drop,14.0,Slow-Moving
R-2839,FLAMICORT-10MG/ML IAD,14.0,Slow-Moving
R-0880,Folic Acid,14.0,Slow-Moving
R-2242,Telfast OD,14.0,Slow-Moving
R-2159,Sporetic syr,14.0,Slow-Moving
R-3339,VALAMIN 500ML,14.0,Slow-Moving
R-1063,Hydrokortison 2,14.0,Slow-Moving
R-4709,Nutridrink 200 ml vanila,14.0,Slow-Moving
AI-0154,Biscor 5 mg,14.0,Slow-Moving
R-1465,MEROPENEM INJ 1GR,14.0,Slow-Moving
R-1067,Hyperil 5 mg,14.0,Slow-Moving
R-3625,Condom Cath (S),13.0,Slow-Moving
R-5215,Disp spuit 3cc bu kwang,13.0,Slow-Moving
R-1708,Ofloxacin 400mg,13.0,Slow-Moving
AI-0667,Inadryl 60 ml,13.0,Slow-Moving
R-4758,T-Lene 4/0 CT,13.0,Slow-Moving
R-2398,Valsartan 80mg,13.0,Slow-Moving
R-1443,Mefurosan  10 gr,13.0,Slow-Moving
R-2523,ZANTAC INJ,13.0,Slow-Moving
R-2572,ALBENDAZOL 400 TAB,13.0,Slow-Moving
AI-0163,Brexel 20 mg,13.0,Slow-Moving
R-1434,Mecox 15mg,13.0,Slow-Moving
R-1110,INFANRIX-HIB INJ,13.0,Slow-Moving
R-0332,Cedocard inj,13.0,Slow-Moving
R-2601,ATOFAR 10 TAB,13.0,Slow-Moving
R-3064,NIACEF GEL,12.5,Slow-Moving
R-5008,Folley Catheter 3 Way No 24 Remedi,12.0,Slow-Moving
R-4907,Disp Spuit 50 cc LT One mad,12.0,Slow-Moving
AI-0425,Endoxan 1000 mg/vi,12.0,Slow-Moving
R-0404,CENDO TOBROSON MD,12.0,Slow-Moving
R-0646,Digoxin 0.25 mg,12.0,Slow-Moving
R-4537,RANICHO SYR,12.0,Slow-Moving
R-3109,PDS II 5/0 Z1013,12.0,Slow-Moving
R-2016,Rimcure Paed,12.0,Slow-Moving
R-3104,PANTOGARD TAB,12.0,Slow-Moving
R-4332,Stomach tube (NGT)Fr.14 Terumo,12.0,Slow-Moving
R-1233,Kidmin,12.0,Slow-Moving
R-3322,Trichodazol Infus,12.0,Slow-Moving
R-2163,STABACTAM 1GRAM,12.0,Slow-Moving
AI-0954,AI-0954,12.0,Slow-Moving
R-3432,Angiocath No. 18,12.0,Slow-Moving
R-5043,3.5 Cortex Screw L 10-30 mm,12.0,Slow-Moving
R-4850,Erlamycetin Salep Mata,12.0,Slow-Moving
AI-1104,Pondex 50 mg/5 ml,11.0,Slow-Moving
R-0886,FORGESIC INJ,11.0,Slow-Moving
R-0826,Fenistil drop,11.0,Slow-Moving
R-0407,Cendo xitrol eye oint,11.0,Slow-Moving
R-2262,Tetagam Inj,11.0,Slow-Moving
R-4524,MESTAMOX 500MG TAB,11.0,Slow-Moving
R-0555,Cycloprogynova,11.0,Slow-Moving
R-4717,Synflorix pfs inj,11.0,Slow-Moving
AI-0544,Gemtavis 1000 mg/vial,11.0,Slow-Moving
R-2141,Somatostatin 3mg,11.0,Slow-Moving
R-3395,3 Way Stop Cock (BD),11.0,Slow-Moving
R-5130,Locking Screw,11.0,Slow-Moving
R-3767,Folley Chateter No. 8 Vicom,11.0,Slow-Moving
R-1817,Phenobarbital 10mg inj,11.0,Slow-Moving
AI-0159,Bondronat 6 mg/6 ml,11.0,Slow-Moving
R-4765,Telfast Plus tab,11.0,Slow-Moving
AI-1050,Pamol Supp 125 mg,11.0,Slow-Moving
R-1887,Primolut  N,11.0,Slow-Moving
R-0622,Dexymox 500,11.0,Slow-Moving
AI-0820,Mabthera 100 mg/10ml,11.0,Slow-Moving
R-4635,Pumpisel Injeksi,11.0,Slow-Moving
R-4586,Folley Catheter 3 Way No. 24 Urocare,11.0,Slow-Moving
R-4420,Vasofix Safety G 24,11.0,Slow-Moving
R-0761,Erysanbe Syr,11.0,Slow-Moving
R-5172,Colinpha inj,11.0,Slow-Moving
R-0671,Doloneurobion,10.0,Slow-Moving
R-2772,Disp.Spuit 20cc Unzen LP,10.0,Slow-Moving
R-2822,Farbivent neb,10.0,Slow-Moving
R-0314,Carpiaton 100 tab,10.0,Slow-Moving
R-0498,Codipront cum exp syr,10.0,Slow-Moving
AI-0076,Amoxsan 100 mg/ml,10.0,Slow-Moving
R-0403,Cendo Tobroson ED 5 ML,10.0,Slow-Moving
R-2238,TEBOKAN,10.0,Slow-Moving
R-0021,Acyclovir 200mg tab,10.0,Slow-Moving
R-1679,Novalgin Tab,10.0,Slow-Moving
R-2265,Tetracyline 500,10.0,Slow-Moving
R-0894,Fosen Enema,10.0,Slow-Moving
AI-1278,Spasminal 535 mg,10.0,Slow-Moving
R-0870,Fluimucil  200 sach,10.0,Slow-Moving
R-0248,Brainact Amp 250mg inj,10.0,Slow-Moving
R-1736,Ossopan 800mg,10.0,Slow-Moving
R-3630,Curapor Transparant No. 25,10.0,Slow-Moving
R-3943,IV Catheter Surflo No.18 Terumo,10.0,Slow-Moving
R-0259,BRM,10.0,Slow-Moving
R-5098,GCM forte,10.0,Slow-Moving
R-5131,Schanz Screw,10.0,Slow-Moving
R-5092,Vit C IPI,10.0,Slow-Moving
R-5033,LIPITOR 40,10.0,Slow-Moving
R-2409,VASCON INJ,10.0,Slow-Moving
R-0043,Albothyl vaginal (ovula) supp,10.0,Slow-Moving
R-4568,Eprinoc tab,10.0,Slow-Moving
AI-1300,Streptase 1,10.0,Slow-Moving
R-1871,PRECEDEX INJ,10.0,Slow-Moving
R-1033,Hepamerz inj,10.0,Slow-Moving
R-1079,IKAMICETIN SALEP KULIT,10.0,Slow-Moving
R-2590,ARICEPT EVESS 10 MG,10.0,Slow-Moving
R-3375,WUNDRES B 10 X 20,10.0,Slow-Moving
R-2512,Xylocaine inj,10.0,Slow-Moving
R-2127,Sistenol,10.0,Slow-Moving
R-0330,Cedantron inj 4mg,10.0,Slow-Moving
R-1090,Imreg,10.0,Slow-Moving
R-5197,Simfix 200,10.0,Slow-Moving
R-3006,MEDIKLIN TR GEL,9.95,Slow-Moving
R-0637,Diazepam Inj,9.0,Slow-Moving
R-0680,Dopamin Giulini inj,9.0,Slow-Moving
R-4860,Extention Tubing 75cm. 2,9.0,Slow-Moving
R-3407,Abbocath 22G,9.0,Slow-Moving
AI-0633,Human Albumin 20%,9.0,Slow-Moving
AI-0265,Clinimix 1000 ml (SALAH),9.0,Slow-Moving
R-5221,Disp spuit 5cc Bu Kwang,9.0,Slow-Moving
AI-0929,Neo Kaolana syr,9.0,Slow-Moving
R-5087,Sibro 20gr cream,9.0,Slow-Moving
R-4706,Guedel No. 4 Sumy,9.0,Slow-Moving
R-0262,Bufect Forte syr,9.0,Slow-Moving
R-2179,Stesolid Rectal 5mg supp,9.0,Slow-Moving
R-5102,Mantino tab,9.0,Slow-Moving
R-2675,CENDO REPITHELMD,9.0,Slow-Moving
AI-0213,Cefadroxil 250 mg/5ml,9.0,Slow-Moving
R-1903,Progynova  1 mg,9.0,Slow-Moving
AI-0663,Iliadin Kinder 0,9.0,Slow-Moving
AI-0879,Meylon 8,9.0,Slow-Moving
R-2726,DAKTARIN DIAPER OINT,9.0,Slow-Moving
R-2710,Combantrin Jeruk,9.0,Slow-Moving
R-2486,Voluven,9.0,Slow-Moving
AI-0709,Ivelip 20%,9.0,Slow-Moving
R-1099,incetax 1gr inj,9.0,Slow-Moving
R-5066,Infanrix Hexa,9.0,Slow-Moving
AI-0247,Chloramex 1000 mg/ml,9.0,Slow-Moving
R-5276,Novaldo inj,9.0,Slow-Moving
R-2674,CENDO PROTAGENTA ED,9.0,Slow-Moving
R-1437,Mederma cr,9.0,Slow-Moving
R-0447,Cinolon cream 10,9.0,Slow-Moving
R-1438,Mediquin cream,8.55,Slow-Moving
R-3812,H2 O2 3% / cc,8.2,Slow-Moving
AI-0054,Amikacin 500 mg,8.0,Slow-Moving
R-0044,Albotyl Conct 10ml,8.0,Slow-Moving
R-0556,CYGEST 200mg Supp,8.0,Slow-Moving
R-2536,ZISTIC 500,8.0,Slow-Moving
R-0433,CHLORAMPHENICOL EYE OINT,8.0,Slow-Moving
R-0038,Albapure 20% 100ml,8.0,Slow-Moving
R-1576,Narfoz 8 mg,8.0,Slow-Moving
R-0230,BISOLVON FLU SYR,8.0,Slow-Moving
R-2779,Dulcolactol syrup,8.0,Slow-Moving
R-2573,ALBUMINAR 25% 100 ML,8.0,Slow-Moving
AI-1030,Otopain 8ml,8.0,Slow-Moving
R-3250,SOFIX CAP 100 MG,8.0,Slow-Moving
AI-1368,Triacarpin 2 %,8.0,Slow-Moving
R-4760,Neurobion tab,8.0,Slow-Moving
R-4058,Nald Heacting G/R 12 Remedi,8.0,Slow-Moving
R-4687,Hyperil 2.5 mg,8.0,Slow-Moving
AI-0294,Convers 2%,8.0,Slow-Moving
R-2308,Tradosik Inj,8.0,Slow-Moving
AI-0437,Eprex 2000 IU,8.0,Slow-Moving
R-0549,Curmunos syr,8.0,Slow-Moving
R-4946,Rotarix susp,8.0,Slow-Moving
R-3523,Blood Adm Set Aescomed,8.0,Slow-Moving
AI-0890,Mitomycin C 10 mg/vial,8.0,Slow-Moving
AI-1593,Soft u derm,7.5,Slow-Moving
R-3385,ZELFACE CR 10 GR,7.5,Slow-Moving
R-1935,Proza Tab,7.0,Slow-Moving
R-1678,Novalgin Syr,7.0,Slow-Moving
R-1560,NaCl 0.9% 1000ml Otsuka,7.0,Slow-Moving
R-3828,Handscoend No. 7 Surgipro,7.0,Slow-Moving
R-3535,Botol obat 100cc,7.0,Slow-Moving
AI-1301,Streptomycin Meiji 1000 mg,7.0,Slow-Moving
R-5056,K. Wire,7.0,Slow-Moving
R-3101,OZID INJ,7.0,Slow-Moving
R-1254,Lacophen 60mg Syr,7.0,Slow-Moving
AI-0231,Cendo xitrol 0.6 ml,7.0,Slow-Moving
R-4918,Curcuma Grow 200ml,7.0,Slow-Moving
AI-0199,Carbosin RTUS 450 mg/45 ,7.0,Slow-Moving
R-0507,Combantrin 250,7.0,Slow-Moving
AI-0516,Fortanest 15 mg/3 ml,7.0,Slow-Moving
R-4652,Elox cream 5 mg,7.0,Slow-Moving
R-0385,Cendo Gentamicin Eye Oint,7.0,Slow-Moving
AI-0856,Methioson komb,7.0,Slow-Moving
R-5318,LANOLIN 40 GR,7.0,Slow-Moving
R-0805,Eyevit,7.0,Slow-Moving
R-0583,Depakote ER 500 tab,7.0,Slow-Moving
R-2250,Tensivask 10mg,7.0,Slow-Moving
R-0384,CENDO FENICOL EO 1%,7.0,Slow-Moving
R-0245,Boraginol S salep,7.0,Slow-Moving
R-2178,Stesolid Rectal 10mg supp,7.0,Slow-Moving
R-3005,MEDIKLIN GEL 15 GR,6.85,Slow-Moving
R-5090,Canc Screw,6.0,Slow-Moving
R-3749,Folley Catheter No. 6 Rusch,6.0,Slow-Moving
AI-1062,Paxus TM 30 mg/vial,6.0,Slow-Moving
R-2427,Ventolin Inheler,6.0,Slow-Moving
AI-0631,Humalog 100 IU/ml,6.0,Slow-Moving
R-2478,Voltadex 50 mg,6.0,Slow-Moving
R-3158,PROPOFOL Lipuro 1%,6.0,Slow-Moving
R-0963,Glimepiride 1mg,6.0,Slow-Moving
R-4821,Paxus 100 mg Inj,6.0,Slow-Moving
R-4822,Paxus 30 mg Inj,6.0,Slow-Moving
R-1853,Polysilane syr,6.0,Slow-Moving
R-2475,Volequin iNFUS,6.0,Slow-Moving
R-2243,Tempra Drop,6.0,Slow-Moving
AI-0266,Clinimix N9G15E 1000 ml,6.0,Slow-Moving
R-1479,Methylprednisolone 125 Inj,6.0,Slow-Moving
AI-1099,Platosin RTUS 10 mg/vial,6.0,Slow-Moving
R-2758,Disp Spuit 3 cc PD,6.0,Slow-Moving
AI-1108,Pradaxa 110 mg,6.0,Slow-Moving
R-0918,furosemid inj,6.0,Slow-Moving
AI-0886,Miloz 15 mg/3 ml,6.0,Slow-Moving
R-5156,Nymiko Drop,6.0,Slow-Moving
R-1188,Kalnex 500mg Inj,6.0,Slow-Moving
R-0822,Felden Gel 25 gr,6.0,Slow-Moving
AI-0065,Aminovel 600 500 ml,6.0,Slow-Moving
R-2840,FLEET PHOSPHOSODA,6.0,Slow-Moving
R-3763,Folley Chateter No. 18,6.0,Slow-Moving
R-2924,INFANRIX IPV HIB,6.0,Slow-Moving
R-0451,Ciprofloxacin infus,6.0,Slow-Moving
R-1974,RECOLFAR TABLET,6.0,Slow-Moving
AI-0340,Dekstromethorphan 10 mg/5 ml,6.0,Slow-Moving
R-1005,Grahabion tab,6.0,Slow-Moving
R-2778,DOMPERIDONE SYR,5.0,Slow-Moving
R-0961,GLIBENCLAMIDE 5mg,5.0,Slow-Moving
R-1858,Pospargin inj,5.0,Slow-Moving
AI-1482,oloral 2%,5.0,Slow-Moving
R-4797,Taxilan 180 ml susp,5.0,Slow-Moving
R-2578,ALOCLAIR PLUS ORAL RINSE 60 ML3,5.0,Slow-Moving
R-1107,Indoran  inj,5.0,Slow-Moving
R-1922,Proris syr,5.0,Slow-Moving
R-4778,Myfortic 360mg,5.0,Slow-Moving
R-0732,ENGERIX B INJ 20MCG,5.0,Slow-Moving
R-5118,Pidilen Polypropilen 5-0 C SP1293,5.0,Slow-Moving
R-2355,Trolip 300 mg,5.0,Slow-Moving
R-2757,Disp Spuit 1 cc PD,5.0,Slow-Moving
R-2734,DECUBAL 40 GR,5.0,Slow-Moving
R-2533,ZINKID,5.0,Slow-Moving
R-3193,RECHOL 10MG TABLET,5.0,Slow-Moving
AI-0686,Inviclot 5000 IU/ml,5.0,Slow-Moving
R-0614,Dextrose 10% 500ml widatra,5.0,Slow-Moving
R-2062,Sanadryl syr 60 ml EXP,5.0,Slow-Moving
R-3090,OPTHALGON ED,5.0,Slow-Moving
R-4575,Midazolam inj 5 mg/5ml,5.0,Slow-Moving
R-0432,Chlorampecort  cream,5.0,Slow-Moving
R-1052,HIBERIX INJ,5.0,Slow-Moving
R-3060,NGT 18,5.0,Slow-Moving
AI-1319,Tapros 1,5.0,Slow-Moving
R-5054,Narrow Plate,5.0,Slow-Moving
R-0574,Decubal 20gr cream,5.0,Slow-Moving
R-1971,Recodryl inj,5.0,Slow-Moving
R-1309,Lasal 4 mg tab,5.0,Slow-Moving
R-1306,Lapraz,5.0,Slow-Moving
R-5053,Small Plate,5.0,Slow-Moving
R-0691,Dulcolax 10mg Supp,5.0,Slow-Moving
R-2954,JF SULFUR,5.0,Slow-Moving
AI-0907,Mydriatyl 1 %,5.0,Slow-Moving
R-2837,FEXOFED TAB,5.0,Slow-Moving
R-4886,Transpulmin Balsem 10gr,5.0,Slow-Moving
R-2406,VASACON A ED 15ML,5.0,Slow-Moving
R-4781,Disp spuit 3cc Bbraun,5.0,Slow-Moving
R-3753,Folley Catheter No.14 Rusch,5.0,Slow-Moving
AI-0641,Hustab 433 mg,5.0,Slow-Moving
R-3406,Abbocath 20G,5.0,Slow-Moving
R-3524,Blood Adm set Terumo,5.0,Slow-Moving
R-1785,Paratusin Syr,5.0,Slow-Moving
R-0448,Cinolon N Cream,4.5,Slow-Moving
AI-1093,Plasbumin 20%,4.0,Slow-Moving
R-3718,Extention Tube 150cm,4.0,Slow-Moving
R-1821,Phenytoin Inj,4.0,Slow-Moving
R-3744,Folley Catheter No. 16 Vicom,4.0,Slow-Moving
R-4632,PROMUBA SYRUP,4.0,Slow-Moving
R-0398,Cendo Polynel ED,4.0,Slow-Moving
R-2232,Tarivid Otic,4.0,Slow-Moving
R-0380,R-0380,4.0,Slow-Moving
AI-1590,STOLAX 10 MG SUPP,4.0,Slow-Moving
R-0857,FLEET ENEMA,4.0,Slow-Moving
R-4021,Mess No.10 Aesculap,4.0,Slow-Moving
AI-1217,Scantaren gel 1%,4.0,Slow-Moving
AI-1232,Seretide Diskus 100 mcg/pu,4.0,Slow-Moving
R-2263,Tetagam inj prefilled syring,4.0,Slow-Moving
R-0264,Burnazin  saleb,4.0,Slow-Moving
R-1167,Ka-EN 3B,4.0,Slow-Moving
R-0509,COMBANTRIN SYR ORANGE,4.0,Slow-Moving
R-0535,CPG tab,4.0,Slow-Moving
R-4370,Tensocrepe 3inch,4.0,Slow-Moving
R-3108,PDS 11 5.0,4.0,Slow-Moving
R-2652,CARMED CREAM 5GR,4.0,Slow-Moving
R-3061,NGT 5,4.0,Slow-Moving
R-3026,MUCOGARD SUSP 100 ML,4.0,Slow-Moving
R-3025,MOTADERMM CR 10 gr,4.0,Slow-Moving
R-0519,CONVER MONO DOSE,4.0,Slow-Moving
R-1900,Profenid E 100mg,4.0,Slow-Moving
R-5181,Zinc pro drop,4.0,Slow-Moving
R-0709,Ecotrixon vial,4.0,Slow-Moving
R-5177,Nut,4.0,Slow-Moving
R-5176,Poly Pedicle Screw,4.0,Slow-Moving
R-5173,Hukimed Care Cream,4.0,Slow-Moving
R-4502,Aloclair Plus Gel,4.0,Slow-Moving
AI-1483,Zometa 4 mg/5 ml,4.0,Slow-Moving
R-2714,Conver 2% 15ml Ed,4.0,Slow-Moving
R-3321,TRANSPULMIN BB 10 GR,4.0,Slow-Moving
R-2910,HEPAMAX TAB,4.0,Slow-Moving
AI-0158,Bleocin 15 mg/amp,4.0,Slow-Moving
R-0355,Ceftazidim 1gr,4.0,Slow-Moving
R-4745,Glicofil lac fast 0 FS782LR,4.0,Slow-Moving
R-1787,PARIET 20MG,4.0,Slow-Moving
AI-0821,Mabthera 500 mg/50ml,4.0,Slow-Moving
R-1909,Pronalges 100,4.0,Slow-Moving
R-4930,KB Andalan injeksi 1 bulan 0.5ml,4.0,Slow-Moving
R-2676,Cendo Tobro ED,4.0,Slow-Moving
R-5062,Rastoro Polyglycolic Acid 4-0 R,4.0,Slow-Moving
R-3036,Natrium Thio Sulfat 100 cc,4.0,Slow-Moving
AI-0224,Cendo Catarlent 52,4.0,Slow-Moving
R-4788,Ceftizoxime 1gram inj,4.0,Slow-Moving
AI-0793,Levosol 8 mg/8 ml,4.0,Slow-Moving
R-3929,IUD Nova-T,4.0,Slow-Moving
R-4819,Carboplatin Inj 15 ml,3.0,Slow-Moving
R-2731,DARYANTULLE,3.0,Slow-Moving
R-5134,Bar,3.0,Slow-Moving
R-1030,HEMOLOK SOL,3.0,Slow-Moving
R-1253,Lacophen 500,3.0,Slow-Moving
R-1237,Kloderma cream 10,3.0,Slow-Moving
R-4813,Populex Cream,3.0,Slow-Moving
R-0331,Cedocard 5mg tab,3.0,Slow-Moving
R-2775,DOLONES CREAM,3.0,Slow-Moving
R-1940,Pumpitor 20mg,3.0,Slow-Moving
R-4994,Cyclovid 1 Gr,3.0,Slow-Moving
R-3143,PROANES INJ,3.0,Slow-Moving
R-1084,Imbost  syr,3.0,Slow-Moving
AI-0704,Isotic Adretor 0,3.0,Slow-Moving
R-4637,Disp Spuit 20 cc Unzen,3.0,Slow-Moving
R-4343,Suction Catheter No. 8 Vicom,3.0,Slow-Moving
R-5304,Ntg inj,3.0,Slow-Moving
R-5289,Trifamol syp,3.0,Slow-Moving
AI-0059,Aminofusin L 600 500 ml,3.0,Slow-Moving
R-2075,Sanmag,3.0,Slow-Moving
R-0800,Exforge tab 5/80,3.0,Slow-Moving
R-4618,CENDO L F X ED 5ML,3.0,Slow-Moving
R-2970,LACTACYD BABY 60ML,3.0,Slow-Moving
R-4999,Cyclovid 200mg inj,3.0,Slow-Moving
R-1948,PYTOGIN S Inj,3.0,Slow-Moving
R-5133,Bongros 5ml,3.0,Slow-Moving
R-2471,Vitrolenta monodose,3.0,Slow-Moving
R-3408,Abbocath 24G,3.0,Slow-Moving
R-3249,SODERMIX CR 15 GR,3.0,Slow-Moving
R-1816,Phenobarbital  inj 50mg,3.0,Slow-Moving
AI-0897,Morfin 10 mg/ml,3.0,Slow-Moving
R-2639,BONVIVA INJ 3MG/3ML,3.0,Slow-Moving
R-1133,Interhistin,3.0,Slow-Moving
R-2367,ULCERANIN INJ,3.0,Slow-Moving
R-3752,Folley Catheter No.12 Rusch,3.0,Slow-Moving
R-3761,Folley Chateter No. 14 ,3.0,Slow-Moving
R-4716,Sanexon inj 125 mg,3.0,Slow-Moving
R-4715,Nutridrink 200 ml coklat,3.0,Slow-Moving
R-1287,Lanturol 200,3.0,Slow-Moving
AI-0555,Glaopen 0,3.0,Slow-Moving
R-4733,3 Way Stop Cock buntut Polymed ,3.0,Slow-Moving
AI-0632,Humalog Mix 25 100 IU/ml,3.0,Slow-Moving
R-5036,Cendo glaopen MDS,3.0,Slow-Moving
R-5077,Broad Plate,3.0,Slow-Moving
R-0151,Atracurium-hameln 50mg,3.0,Slow-Moving
R-2207,Surbex T,3.0,Slow-Moving
R-2393,Vagizol supp,3.0,Slow-Moving
R-5165,Celocid inj,3.0,Slow-Moving
AI-1135,Prostigmin 0,3.0,Slow-Moving
R-5128,alat bantu dengar,3.0,Slow-Moving
R-2197,Suldox,3.0,Slow-Moving
R-3832,Handscoend No. 7,3.0,Slow-Moving
R-0852,Flagystatin ovula supp,3.0,Slow-Moving
R-0003,ABU Inj,3.0,Slow-Moving
R-0277,Caladine Powder 100gr,3.0,Slow-Moving
R-5218,obh cito syr,3.0,Slow-Moving
R-4220,Prolene Mesh 8 X 15 cm (PMII),3.0,Slow-Moving
R-1368,Loprox,3.0,Slow-Moving
R-4157,Perifix 400 G.18 x 3 1/4,3.0,Slow-Moving
R-0911,Fuladic zalp 5gr,3.0,Slow-Moving
AI-0428,Endrolin 3,3.0,Slow-Moving
R-0593,Desolex Cream 10gr,3.0,Slow-Moving
R-5168,Pirofel gel 0,2.0,Slow-Moving
R-5178,Rod spine,2.0,Slow-Moving
R-4536,CENDO PROTOGENTA MDS,2.0,Slow-Moving
AI-0058,Aminofusin Hepar 500 ml,2.0,Slow-Moving
R-4381,Tongkat Ketiak L,2.0,Slow-Moving
R-4638,Idesar Gold Suspensi 60 Ml,2.0,Slow-Moving
R-4541,Efisol liq,2.0,Slow-Moving
AI-0314,Cyclovid 500 mg/via,2.0,Slow-Moving
R-4606,VOLTAREN GEL 5GR,2.0,Slow-Moving
R-4604,Certofix Duo HF 1220 ,2.0,Slow-Moving
R-4581,Assupro 6-0 PY 498,2.0,Slow-Moving
R-4563,T-Lene 3-0,2.0,Slow-Moving
R-4331,Stomach tube (NGT)Fr.12 Terumo,2.0,Slow-Moving
R-4660,Collacure 120x40x3mm,2.0,Slow-Moving
R-4255,Safil Quick 2-0 HRT 37S,2.0,Slow-Moving
R-4237,Rebreating Mask Dws,2.0,Slow-Moving
R-4366,Tegadern + Pad 9 cm x 25 cm,2.0,Slow-Moving
R-4118,Ortocast 4 Inch,2.0,Slow-Moving
R-4520,Folley Catheter No. 6 Royal,2.0,Slow-Moving
R-4498,Disp spuit 20 cc terumo LP,2.0,Slow-Moving
R-4674,Novell Smoothing cream,2.0,Slow-Moving
R-3821,Handschoen No. 8 Lucky,2.0,Slow-Moving
R-3796,Guedel No. 3 Rusch,2.0,Slow-Moving
R-3746,Folley Catheter No. 20 vicom,2.0,Slow-Moving
R-3811,Gypsona 6 Inchi BSN,2.0,Slow-Moving
AI-0490,Fentanil 0,2.0,Slow-Moving
R-3211,RINOFER INJ,2.0,Slow-Moving
R-3363,Vitaplex syrup,2.0,Slow-Moving
R-3584,Certofix Duo V720 (Double Lumen),2.0,Slow-Moving
R-3585,Certofix Trio V720 Bbraun,2.0,Slow-Moving
AI-0619,Hervis 3%,2.0,Slow-Moving
R-4740,Glicofil lac 4-0 FW375,2.0,Slow-Moving
R-3725,Feeding Tube Fr. 5 JMS (120 Cm),2.0,Slow-Moving
R-3726,Feeding Tube Fr. 8 JMS (120 Cm),2.0,Slow-Moving
R-2791,ELOX CREAM 5GR,2.0,Slow-Moving
AI-0208,Catapres 0,2.0,Slow-Moving
R-3232,SCABIMITE CR 30 GR,2.0,Slow-Moving
R-3187,RACIKAN:AC.salicyl,2.0,Slow-Moving
R-0606,DEXOCORT 0.25%. 10 GR-KF,2.0,Slow-Moving
R-4857,CHLOR HIDRAT 6CC,2.0,Slow-Moving
R-4820,Carboplatin Inj 45 ml,2.0,Slow-Moving
R-2788,EDTA ED,2.0,Slow-Moving
R-3444,Arm Sling uk. M,2.0,Slow-Moving
R-3780,Glicofil Lac 2-0 CT FU 534L,2.0,Slow-Moving
R-4991,bufacort krim,2.0,Slow-Moving
R-4996,MALTOFER DROP,2.0,Slow-Moving
R-5046,Epidural minipack syst 1 18g,2.0,Slow-Moving
R-4941,Clobesan cream,2.0,Slow-Moving
R-2678,CENDO VITROLENTA ED,2.0,Slow-Moving
R-2559,ABBOCATH 22 (x),2.0,Slow-Moving
R-2557,ABBOCATH 18 (x),2.0,Slow-Moving
R-2542,Zometa inj,2.0,Slow-Moving
R-0417,Cernevit Vial,2.0,Slow-Moving
R-0438,Chlorpromazin 25mg (CPZ),2.0,Slow-Moving
R-0715,Elkana syr,2.0,Slow-Moving
R-1605,Nephrisol,2.0,Slow-Moving
R-5057,Drill Bit,2.0,Slow-Moving
R-1301,Lapimox 125mg Syr,2.0,Slow-Moving
R-1374,Lotion faberi 200ml,2.0,Slow-Moving
R-0229,Bisolvon  drop syr,2.0,Slow-Moving
R-0190,Berotec 100 inheler,2.0,Slow-Moving
R-5129,Locking Plate,2.0,Slow-Moving
R-5132,Acrylic,2.0,Slow-Moving
R-5027,Austin More Prostesis Short,2.0,Slow-Moving
R-5000,Cyclovid 500mg inj,2.0,Slow-Moving
AI-1480,oladex 10,2.0,Slow-Moving
R-1921,Proris F syr,2.0,Slow-Moving
AI-1459,Xalatan 0,2.0,Slow-Moving
R-2186,Stimuno Syr 60ml,2.0,Slow-Moving
R-2211,SYMBICORT TURBUHALER 160/4.5 120 DOSIS,2.0,Slow-Moving
R-2137,solac syr,2.0,Slow-Moving
AI-1228,Seltifort Kids komb,2.0,Slow-Moving
R-4980,Adant Dispo inj,2.0,Slow-Moving
R-4985,YAZ BLISTER,2.0,Slow-Moving
R-4978,Folley catheter No 14 Royal,2.0,Slow-Moving
R-2094,Scopamin 10mg,2.0,Slow-Moving
R-1049,Hexadol sol 60ML,2.0,Slow-Moving
R-0740,Enystin drop,2.0,Slow-Moving
R-0821,Felden Gel 15 gr,2.0,Slow-Moving
R-0354,Cefspan syr,2.0,Slow-Moving
R-1032,HEPAMERZ GRANULATE,2.0,Slow-Moving
R-0994,Glycerol 10% 500ml,2.0,Slow-Moving
R-0276,Caladine Lot 60ml,2.0,Slow-Moving
R-1400,Madecassol  salep,1.5,Slow-Moving
R-3764,Folley Chateter No. 20 Well Lead,1.0,Slow-Moving
R-4705,Guedel No. 3 Sumy,1.0,Slow-Moving
R-4703,Voltaren emulgel 10 gr,1.0,Slow-Moving
R-4678,fita join gel,1.0,Slow-Moving
R-3935,IV Catheter No. 20 Jelco,1.0,Slow-Moving
R-4676,Mestamox ds 125 mg 60 ml,1.0,Slow-Moving
R-3913,Introcan G18 x 1 1/4,1.0,Slow-Moving
R-3844,Handscoend uk. S Sensi,1.0,Slow-Moving
R-4093,Nelaton catheter no. 10 (scorten),1.0,Slow-Moving
R-3822,Handscoend Gynaecolog,1.0,Slow-Moving
R-4100,Non Rebreating Mask Anak + Kantong,1.0,Slow-Moving
R-4295,Soft band 6inch,1.0,Slow-Moving
R-4338,Suction Catheter No. 10 Onemed,1.0,Slow-Moving
R-4325,Stomach tube (NGT)Fr.10 Vicom,1.0,Slow-Moving
R-4650,Formuno EFF tab,1.0,Slow-Moving
R-4022,Mess No.11 Aesculap,1.0,Slow-Moving
R-4351,Surgicel 5 x 7,1.0,Slow-Moving
R-4383,Tongkat Ketiak S,1.0,Slow-Moving
R-3727,Feeding Tube Fr. 8 Terumo,1.0,Slow-Moving
R-3729,Feeding Tube Fr. 5 Terumo,1.0,Slow-Moving
R-3701,Endotracheal (ETT) No. 7 Summy,1.0,Slow-Moving
R-3589,chlorethyl Walter Ritter,1.0,Slow-Moving
R-3586,Cervical collar,1.0,Slow-Moving
R-3537,Botol plastik 60ml,1.0,Slow-Moving
R-4382,Tongkat Ketiak M,1.0,Slow-Moving
R-4605,Garamycin salep 15 gr,1.0,Slow-Moving
R-4543,Acne Feldin Lotion,1.0,Slow-Moving
R-4550,ENTRAMIX COKLAT,1.0,Slow-Moving
AI-0313,Cyclovid 200 mg/via,1.0,Slow-Moving
R-4535,Espocan,1.0,Slow-Moving
R-5179,Bonefuse 2,1.0,Slow-Moving
R-5187,Venosmil gel 60 gr,1.0,Slow-Moving
R-5138,Curved 3M,1.0,Slow-Moving
R-5125,Silda 2-0 R,1.0,Slow-Moving
R-2797,ENTRASOL GOLD VANILA,1.0,Slow-Moving
R-2804,ERYMED SOLUTION 30 ML,1.0,Slow-Moving
R-4890,Racikan Dermovel 5gr/Niacef 5gr/Zelface 5gr,1.0,Slow-Moving
R-4863,Lostacef ds 125 mg ,1.0,Slow-Moving
R-4864,Tonikum Bayer 100 ml,1.0,Slow-Moving
R-2803,ERYMED CR,1.0,Slow-Moving
R-2860,Folley Cath No.6 Shicon (x),1.0,Slow-Moving
R-2856,Folley cath 2way no.6 rusch (x),1.0,Slow-Moving
R-2852,FOLLEY CATH 16 rusch (x),1.0,Slow-Moving
R-2861,Folley cath no.8 rusch (x),1.0,Slow-Moving
R-2883,GLISEROL 10% 500ML,1.0,Slow-Moving
R-3128,Polypropylene 5-0DS 19,1.0,Slow-Moving
R-2882,Gliserin 100 ml,1.0,Slow-Moving
R-4888,T-Lene 1-0 RB,1.0,Slow-Moving
R-3236,SCOT EMULSION JERUK 200ML,1.0,Slow-Moving
R-3190,RANIVEL SYR 60ML,1.0,Slow-Moving
R-0463,Claneksi Dry Syr,1.0,Slow-Moving
R-3053,NEUROTAM SYR,1.0,Slow-Moving
R-3106,PARASOL CREAM 20GR,1.0,Slow-Moving
R-3078,NUTRICAN SACHET (SUSU),1.0,Slow-Moving
R-3063,NGT 8 JMS,1.0,Slow-Moving
R-3065,NIMOTOP INFUS 50 ML.,1.0,Slow-Moving
R-3405,Abbocath 18G,1.0,Slow-Moving
R-3403,abbocath 14G,1.0,Slow-Moving
R-3331,Ultrapromesh 6x11cm (salah),1.0,Slow-Moving
R-3325,TRIOFUSIN 1000,1.0,Slow-Moving
R-3374,WUNDRES B 10 X 10,1.0,Slow-Moving
R-4800,Mencevax inj,1.0,Slow-Moving
R-4816,OBH NEKO,1.0,Slow-Moving
R-4880,Laserin syr 60 ml,1.0,Slow-Moving
R-3693,Endotracheal (ETT) No. 8 Remedi,1.0,Slow-Moving
R-3691,Endotracheal (ETT) No. 7 Bicakilar,1.0,Slow-Moving
AI-0550,Genta 0,1.0,Slow-Moving
R-3719,Extention Tube 50cm,1.0,Slow-Moving
R-3703,Endotracheal (ETT) No. 7.5 remedi,1.0,Slow-Moving
R-3702,Endotracheal (ETT) No. 7.5 Summy,1.0,Slow-Moving
R-4719,Nasal O2 Canula Dewasa Mas,1.0,Slow-Moving
R-4762,Lactacyd Baby 150 ml,1.0,Slow-Moving
R-2426,Ventolin  exp syp,1.0,Slow-Moving
R-2251,Tensivask 5mg,1.0,Slow-Moving
R-2333,Triaminic Batuk,1.0,Slow-Moving
R-2231,Tarivid  Tetes Mata,1.0,Slow-Moving
R-2522,Zamel syr,1.0,Slow-Moving
R-4958,VIN MED,1.0,Slow-Moving
R-4937,Selsun Blue 60 ml,1.0,Slow-Moving
R-4967,Sacro lumbar WB 527,1.0,Slow-Moving
AI-1358,Tracrium 5 ml,1.0,Slow-Moving
R-2021,Rivanol Kompres 1 liter,1.0,Slow-Moving
R-4965,Parasol SPF 45 cr,1.0,Slow-Moving
R-2177,stesolid inj,1.0,Slow-Moving
R-4959,ATOPICLAIR CREAM,1.0,Slow-Moving
R-2807,ESPERSON CREAM (B),1.0,Slow-Moving
R-2774,DOLANES CREAM,1.0,Slow-Moving
R-2750,Diabetasol Vanila,1.0,Slow-Moving
R-2677,CENDO TOBRO MDS,1.0,Slow-Moving
R-2647,CALLUSOL 10ML,1.0,Slow-Moving
R-2645,CALAMIN LOT 100 CC,1.0,Slow-Moving
R-2622,BETADIN OBAT KUMUR 100ML,1.0,Slow-Moving
R-2672,CENDO MYDRIATYL 1%,1.0,Slow-Moving
R-2673,CENDO OPHTALGON ED,1.0,Slow-Moving
R-2571,AFUCID CR,1.0,Slow-Moving
R-2692,CHIROCAINE 5.0MG/ML,1.0,Slow-Moving
R-0780,Ethigent inj,1.0,Slow-Moving
R-5137,S. Wire,1.0,Slow-Moving
R-1759,Oxoferin sol,1.0,Slow-Moving
R-5052,Pleura Catheter (Chest Tube) no 28,1.0,Slow-Moving
R-1784,Paramidon Inj,1.0,Slow-Moving
R-1936,Pulmicort  T-200,1.0,Slow-Moving
R-5028,Bone Cement,1.0,Slow-Moving
R-5011,Suction Catheter No 8 MAS,1.0,Slow-Moving
R-1927,Protofen supp,1.0,Slow-Moving
AI-1378,Triofusin 500 ml,1.0,Slow-Moving
R-2191,Strepsil Vitamin C,1.0,Slow-Moving
R-2192,Streptase 1,1.0,Slow-Moving
R-2037,Rovadine 60ml Syr,1.0,Slow-Moving
R-2136,Sol lugol 100cc,1.0,Slow-Moving
R-1848,R-1848,1.0,Slow-Moving
R-1774,Pantocain 0.5% Eye Drop,1.0,Slow-Moving
R-4960,Opsite 9,1.0,Slow-Moving
R-2585,APOLAR-N CREAM 10 GR,1.0,Slow-Moving
AI-0991,Obucort Swinghaler 200 mcg/pu,1.0,Slow-Moving
R-1422,Matovit syr,1.0,Slow-Moving
R-1616,Neurobion inj,1.0,Slow-Moving
R-0055,Alkohol 70% 1 ltr (salah),1.0,Slow-Moving
R-0225,Biothicol syr 60cc,1.0,Slow-Moving
R-0172,Batugin Elixir,1.0,Slow-Moving
R-1403,Magalat Syr 100ml,1.0,Slow-Moving
R-0159,AVELOX-IV 250ML INF,1.0,Slow-Moving
R-5084,Erprazol 40mg inj,1.0,Slow-Moving
R-0714,Elkana,1.0,Slow-Moving
R-5078,Bongros 10cc,1.0,Slow-Moving
AI-1600,Dexipenem 0,1.0,Slow-Moving
R-1656,Noncort Mono Dose,1.0,Slow-Moving
R-1763,Ozen Drops,1.0,Slow-Moving
R-0462,Claneksi  forte syr,1.0,Slow-Moving
R-5220,genoint ED,1.0,Slow-Moving
R-5119,Pidilen Polypropilen 6-0 C SP1293,1.0,Slow-Moving
R-5122,Rastoro Polyglycolic Acid 4-0 C,1.0,Slow-Moving
R-0199,Betametason 0,1.0,Slow-Moving
R-5100,pleura catheter(chest tube) no 24,1.0,Slow-Moving
R-0161,Azoft ED,1.0,Slow-Moving
R-5101,Pidilen Polypropylene 4 c,1.0,Slow-Moving
R-1156,Isotic Adretor 0.5% ED,1.0,Slow-Moving
R-1065,Hyper Hep 0.5 inj (hepatitis B),1.0,Slow-Moving
R-1298,Lapifed DM Syr,1.0,Slow-Moving
R-0947,Gentamicin  inj,1.0,Slow-Moving
R-0370,Cendo astenof monodose,1.0,Slow-Moving
R-0375,Cendo Carpine 2% ED,1.0,Slow-Moving
R-0278,Caladine Powder 60gr,1.0,Slow-Moving
R-0236,BLECIDEX EYE/EAR DROP,1.0,Slow-Moving
R-5225,Prontosan Wound Gel 30ml,1.0,Slow-Moving
R-5265,CENDO TROPIN 1% ED,1.0,Slow-Moving
R-0379,Cendo Cenfresh ED MDS,1.0,Slow-Moving
R-0871,Fluimucil syr,1.0,Slow-Moving
R-0387,Cendo Lubricen MD,1.0,Slow-Moving
R-0394,Cendo Polidex ED,1.0,Slow-Moving
R-0395,CENDO POLYDEX MDS,1.0,Slow-Moving
R-0748,Epinephrine 0.1 inj,1.0,Slow-Moving
R-5230,LANOLIN 5 GR,0.75,Slow-Moving
R-5242,lanolin 150gr,0.07,Slow-Moving
R-0705,EAS PRIMER,0.0,Slow-Moving
R-3118,Phisohex 110 ml,0.0,Slow-Moving
R-0546,Curcuma Plus,0.0,Slow-Moving
R-2430,Vernacel Mono dose,0.0,Slow-Moving
R-2629,BIOCREAM,-1.0,Slow-Moving
R-4796,Disp Spuit 20 cc LP Onemed,-12.0,Slow-Moving
