product_id,product_name,actual_quantity,predicted_quantity,avg_daily_prediction,stock_priority
AI-0943,Neurodex FC komb,41242.0,48357.68642647261,721.7565138279494,High Priority
AI-0190,Candesartan TI 8 mg ,29241.0,36896.04609076812,550.6872550860913,High Priority
AI-0771,Lansoprazole 30 mg,26981.0,30381.110972086695,453.4494174938313,High Priority
AI-0097,Aptor 100 mg,26509.0,28368.72342667531,423.4137824876912,High Priority
AI-0853,Metformin 500 mg,32269.0,27622.064574921336,412.269620521214,High Priority
AI-0958,Nitrokaf Retard Forte 5 mg,25009.0,24782.46145579943,369.88748441491686,High Priority
AI-0406,Eclid 50 mg,26304.0,24277.650026008836,362.3529854628184,High Priority
AI-0106,Asam Mefenamat 500 mg,16660.0,17645.671627778785,263.3682332504296,High Priority
AI-1168,Renadinac 25 mg,13192.0,13302.791338688312,198.5491244580345,High Priority
AI-1028,Osteocal 500 mg,13011.0,13124.78756672684,195.89235174219164,High Priority
AI-0577,Glucobay 50 mg,15493.0,12567.264880260642,187.57111761583047,High Priority
R-1480,Methylprednisolone 4mg (REG),12228.5,12503.521419498116,186.61972267907638,High Priority
AI-0860,Methylprednisolone 4 mg,12336.75,12301.820190833221,183.60925657960033,High Priority
AI-0043,Allopurinol 100 mg,13082.0,12297.176895416098,183.53995366292685,High Priority
AI-1057,Paracetamol 500 mg,9330.625,12178.850652703351,181.77389033885598,High Priority
AI-1524,Dilavask 5 mg,15705.0,11893.001034549809,177.5074781276091,High Priority
AI-0050,Ambroxol 30 mg,9013.0,11886.422559576287,177.40929193397443,High Priority
AI-0241,Cetirizine 10 mg,8964.5,10991.676260270397,164.05486955627458,High Priority
AI-0075,Amoxicillin 500 mg,8180.75,10787.917579859195,161.01369522177902,High Priority
AI-0067,Amlodipin 10 mg,11216.0,10438.425374417633,155.79739364802438,High Priority
R-1203,Kapsul kosong 00,10726.0,9931.84467555137,148.23648769479658,High Priority
AI-1409,Vastigo 6 mg,10304.75,9835.890395401037,146.80433425971697,High Priority
AI-0255,Ciprofloxacine 500 mg,8644.0,9722.675401565462,145.11455823232032,High Priority
AI-1174,Retaphyl SR 300 mg,8861.0,9660.12294269611,144.18093944322553,High Priority
R-5154,Valesco 80mg tab,10615.0,9506.920916101599,141.89434203136716,High Priority
AI-0836,Meloxicam 15 mg,7882.0,8893.486702835715,132.73860750501066,High Priority
AI-0578,Glucodex 80 mg,12064.0,8722.403639893468,130.18512895363384,High Priority
R-0137,Asam Mefenamat 500mg tab,3619.0,8550.919167514734,127.62565921663781,High Priority
AI-0114,Aspilets 80 mg,10001.0,8548.919854175023,127.59581871903019,High Priority
AI-0068,Amlodipin 5 mg,7879.0,7708.463791903628,115.05169838662131,High Priority
R-1202,Kapsul kosong 0,7542.0,7530.132192876625,112.39003272950185,High Priority
AI-1290,Starfolat 1 mg,7244.0,7331.523937195117,109.42573040589726,High Priority
AI-1187,Ringer Laktat 500 ml,6281.0,7044.500348014183,105.14179623901767,High Priority
AI-0214,Cefadroxil 500 mg,6181.0,7039.338135137197,105.0647482856298,High Priority
AI-1284,Spironolacton 25 mg,8864.0,6890.620852107185,102.84508734488335,High Priority
AI-1156,Ranitidine 150 mg,6122.3,6873.784742870274,102.59380213239216,High Priority
AI-0973,Norvask 5 mg,13992.0,6743.1970008714525,100.64473135629034,High Priority
AI-0216,Cefixime 100 mg,6185.0,6622.338842774669,98.84087825036819,High Priority
AI-1568,Farsix tab,8216.0,6541.23509754999,97.63037459029836,High Priority
AI-1359,Tramadol 50 mg,5595.0,6540.61252987274,97.62108253541403,High Priority
R-0742,EPERISONE OGB,5497.5,6285.019398240011,93.80625967522404,High Priority
AI-1247,Simvastatin 20 mg,5722.0,6216.103404630216,92.77766275567485,High Priority
AI-0565,Glimepiride 2 mg,7524.0,5946.510471781342,88.75388763852749,High Priority
AI-0156,Bisoprolol 5 mg,6985.0,5781.433028904586,86.29004520753112,High Priority
AI-0292,Concor 2,6249.0,5491.070791414596,81.95628046887457,High Priority
AI-0189,Candesartan TI 16 mg,5526.0,5423.972376935119,80.95481159604655,High Priority
AI-0274,Clopisan 75 mg,4392.0,5145.425362344392,76.79739346782675,High Priority
AI-0120,Atorvastatin 20 mg,6004.0,5111.7352406441205,76.29455583050927,High Priority
AI-1246,Simvastatin 10 mg,7408.0,5033.68123001329,75.12957059721327,High Priority
R-1982,Renadinac   50,3932.5,4770.551617490814,71.20226294762409,High Priority
R-1204,kapsul kosong 1,4944.0,4766.122003016526,71.13614929875412,High Priority
R-0481,Clobazam,3034.0,4726.540065889873,70.54537411775931,High Priority
AI-0052,Amdixal 5 mg,5643.0,4682.069510984208,69.88163449230161,High Priority
AI-0188,Canderin 8 mg,6297.0,4636.395940398567,69.19993940893384,High Priority
AI-0480,Farsorbid 5 mg,5593.0,4477.2857126712925,66.8251598906163,High Priority
AI-0500,Fitbon 500 mg,9024.0,4444.003305481485,66.32840754449977,High Priority
AI-0806,Loratadine 10 mg,3568.5,4277.893577239084,63.84915786924006,High Priority
AI-0066,Amitriptyline 25 mg,3088.6,4270.519889350717,63.7391028261301,High Priority
AI-1379,Trolip 100 mg,5863.0,3970.684330884008,59.26394523707474,High Priority
AI-1550,Oralit 200ml,2020.0,3249.072400763313,48.493617921840496,High Priority
R-0865,FLU TAB,2247.5,3199.95392054052,47.76050627672418,High Priority
AI-0389,Domperidone 10 mg,2745.5,3172.2538009713217,47.347071656288385,High Priority
AI-1017,Ondansetron 4 mg,2323.5,3171.5530853858254,47.336613214713815,High Priority
AI-1570,DIOVAN 80,4887.0,3102.9731844660664,46.31303260397114,High Priority
R-1220,KERTAS PERKAMEN,1275.0,3087.447592853324,46.08130735601976,High Priority
AI-1549,Allopurinol 300 mg,3976.0,3000.002336734771,44.77615427962345,High Priority
AI-0564,Glimepiride 1 mg,4628.0,2951.2810103882675,44.0489703043025,High Priority
AI-1527,Platogrix 75 mg,4207.0,2920.861982146693,43.59495495741333,High Priority
AI-0957,Nitrokaf Retard 2,6543.0,2844.7750545892004,42.45932917297314,High Priority
AI-1274,Sotatic 10 mg,2920.0,2820.710232926472,42.10015273024585,High Priority
AI-0947,New Diatab 600 mg,2026.0,2633.933718470626,39.31244355926307,High Priority
AI-1036,Otsu Water Inj 25 ml,1978.0,2574.645614918099,38.427546491314914,High Priority
AI-1169,Renadinac 50 mg,2516.0,2553.753313339337,38.11572109461697,High Priority
AI-0513,Flunarizine 5 mg,2162.0,2540.4327407483224,37.91690657833317,High Priority
AI-0263,Clindamycin 150 mg,2229.0,2520.271929210203,37.61599894343586,High Priority
AI-1345,Thyrozol 5 mg,3423.0,2440.72633691359,36.42875129721776,High Priority
AI-0405,Eclid 100 mg,3582.0,2440.3726808303722,36.42347284821451,High Priority
AI-0837,Meloxicam 7,2117.0,2418.30485439739,36.09410230443866,High Priority
R-1781,Paracetamol 500mg (REG),1925.0,2365.1223309503803,35.30033329776687,High Priority
R-4927,Ramipril 5mg tab,2790.0,2355.697509666072,35.15966432337421,High Priority
AI-0537,Gabexal 300 mg,2114.0,2349.149302310594,35.06192988523275,High Priority
AI-0293,Concor 5 mg,4247.0,2335.2486707763646,34.854457772781565,High Priority
AI-1397,Vaclo 75 mg,2426.0,2335.0921335381063,34.852121396091135,High Priority
R-3070,NOCID TAB,2520.0,2328.653781990514,34.75602659687334,High Priority
AI-0222,Ceftriaxone 1000 mg/vi,1997.0,2320.594944525078,34.63574544067281,High Priority
AI-0051,Amdixal 10 mg,2381.0,2308.5570789166995,34.45607580472686,High Priority
AI-0110,Asering 500 ml,1878.0,2255.409174940212,33.66282350657033,High Priority
AI-0091,Anxibloc 10 mg,1551.0,2250.9042279602863,33.595585491944576,High Priority
R-2077,Sanmol 500 mg,1869.5,2247.4493068769616,33.544019505626295,High Priority
R-0635,diazepam 2mg,1852.5,2237.733888411904,33.39901325987916,High Priority
AI-1009,Omeprazole 20 mg,2022.0,2115.77448580949,31.57872366879836,High Priority
AI-0583,Glurenorm 30 mg,3200.0,2104.891747297574,31.41629473578469,High Priority
AI-0703,Isosorbid Dinitrat 5 mg,2497.0,2094.7322816058618,31.264660919490474,High Priority
AI-0336,Deculin 15 mg,3068.0,2089.4251447422826,31.185449921526605,High Priority
AI-0763,KSR 600 mg,1902.0,2084.063016779434,31.105418160887073,High Priority
AI-0791,Levofloxacin 500 mg,1561.0,2082.9433597775696,31.088706862351785,High Priority
AI-0875,Metronidazole 500 mg,2211.0,2062.6234490335,30.7854246124403,High Priority
R-0601,Dexamethason tab,1267.5,2058.2676519138827,30.72041271513258,High Priority
AI-1381,Trunal 50 mg,1883.0,2039.314444460442,30.43752902179764,High Priority
AI-0609,Harnal Ocas 0,2372.0,2013.4441134485933,30.051404678337214,High Priority
AI-1410,Vbloc 6,2591.0,1972.0114250729368,29.433006344372192,High Priority
AI-0181,Cameloc 15 mg,3867.0,1965.3686922321092,29.333861078091182,High Priority
R-2054,Salbutamol 4mg,1204.0,1961.6250147462306,29.27798529471986,High Priority
AI-0903,Mucogard 500 mg/5 m,819.0,1946.8539657516212,29.05752187688987,High Priority
AI-1473,Zink 20 mg,494.0,1938.1855756873576,28.92814292070683,High Priority
R-1512,Milmor,2165.0,1937.8533487475704,28.92318430966523,High Priority
AI-0717,Kalnex 250 mg,1910.0,1893.4645905547454,28.260665530667843,High Priority
AI-1141,Pyrazinamide 500 mg,3610.0,1822.9321493596346,27.20794252775574,High Priority
AI-0566,Glimepiride 3 mg,2018.0,1774.3106841627143,26.482249017353944,High Priority
AI-0449,Esvat 20 mg,5153.0,1730.793836288686,25.83274382520427,High Priority
AI-1132,Propranolol 10 mg,2502.0,1698.3838527918394,25.34901272823641,High Priority
R-5144,Nufacobal 500mg tab,1853.0,1661.3399072642492,24.79611801886939,High Priority
AI-1178,Rhinofed 70 mg,1302.0,1658.866853168563,24.759206763709894,High Priority
R-1050,Hexymer 2 mg,2727.0,1627.8281662282875,24.29594277952668,High Priority
AI-1572,diovan 160,1840.0,1585.5427789422545,23.664817596153053,High Priority
AI-1079,Phenytoin 100 mg,2851.0,1577.2798615089941,23.541490470283495,High Priority
AI-1530,Nitral  500 mcg,1496.0,1570.6082281730464,23.44191385332905,High Priority
AI-0027,Adalat Oros 30 mg,2371.0,1537.1537245416425,22.942592903606606,High Priority
AI-1565,inoxin tab,2206.0,1535.3054877569969,22.915007279955177,High Priority
AI-0374,Digoxine 0,2000.0,1531.8694770923935,22.86372353869244,High Priority
AI-0297,Cordila SR 180 mg,2443.0,1517.8945517901634,22.65514256403229,High Priority
AI-0608,Harnal D 0,1446.0,1477.0859744310612,22.046059319866586,High Priority
R-0436,Chlorpeniramine Maleat 4mg (CTM),836.35,1467.844202124239,21.908122419764762,High Priority
AI-1018,Ondansetron 4 mg/2 ml,869.0,1447.1787872573964,21.59968339190144,High Priority
R-0617,Dextrose 5% 100ml otsu,1088.0,1428.0132003455153,21.313629855903212,High Priority
R-2053,Salbutamol 2mg,958.25,1422.8270803071157,21.236225079210683,High Priority
AI-0220,Cefotaxime 1000 mg/vi,1094.0,1407.0925700398764,21.001381642386214,High Priority
AI-1157,Ranitidine 50 mg/2 ml,844.0,1401.4576507586717,20.91727836953241,High Priority
AI-1243,Simarc 2 mg,2390.0,1381.5189124471256,20.61968526040486,High Priority
AI-1131,Propiltiourasil 100 mg,2365.0,1353.755384501264,20.205304246287522,High Priority
AI-1390,Ulsidex 500 mg,763.0,1340.08071185473,20.001204654548207,High Priority
R-2396,Valisanbe 5mg,612.0,1338.030551638002,19.970605248328386,High Priority
AI-0880,Micardis 80 mg,1715.0,1332.4115764287897,19.886739946698352,High Priority
AI-0822,Madopar 125 mg,1918.0,1322.0848834704789,19.732610201051923,High Priority
AI-0530,Furosemide 40 mg,1490.0,1295.283452428276,19.332588842213074,High Priority
AI-1060,Paratusin 577 mg tab,2675.0,1263.3130204229085,18.855418215267292,High Priority
R-4926,Ramipril 2,1709.0,1261.869522673626,18.833873472740688,High Priority
AI-0458,Euthyrox 0,1782.0,1241.6634957334982,18.53229098109699,High Priority
AI-1019,Ondansetron 8 mg,806.5,1225.2897233729652,18.287906318999482,High Priority
AI-0739,Ketokonazol 200 mg,1194.0,1205.9536814082246,17.999308677734696,High Priority
AI-1000,Olmetec 40 mg,3446.0,1188.527921815555,17.739222713664997,High Priority
AI-1201,Salofalk 250 mg,1641.0,1164.0712093700668,17.374197154777114,High Priority
AI-1197,Salbutamol 2 mg,774.0,1156.0262405282633,17.254122992959154,High Priority
AI-1545,Kalium Diklofenak 25 mg,1086.0,1151.8793018535735,17.19222838587423,High Priority
R-1228,Ketosteril,1463.0,1131.6586332528098,16.890427361982233,High Priority
AI-0651,Hytrin 1 mg,1582.0,1120.4617360273708,16.723309492945834,High Priority
AI-1394,Urixin 400 mg,1178.0,1116.1680975638294,16.659225336773574,High Priority
AI-0339,Deksametason 5 mg/ml,818.0,1114.8742895089085,16.63991476878968,High Priority
R-0073,Ambroxol Syr,580.0,1111.953715438616,16.59632411102412,High Priority
AI-0744,Ketorolac 30 mg/ml,682.0,1088.0215590950177,16.23912774768683,High Priority
AI-0354,Dexanta 350 mg tab,611.0,1083.7713482468941,16.175691764879016,High Priority
R-4199,Pot 20cc,290.0,1081.9449597760358,16.148432235463222,High Priority
R-1442,Mefinal 500mg,1085.0,1080.7236325080125,16.130203470268842,High Priority
AI-0337,Deculin 30 mg,2071.0,1075.5960054348693,16.053671722908497,High Priority
R-0775,Ethambutol 500mg,1582.0,1012.4180688348505,15.110717445296276,High Priority
AI-0417,Elkana tab,896.0,1009.3119249775556,15.064357089217248,High Priority
R-0651,Dimenhydrinate 50mg,979.75,1004.6904741320079,14.995380210925491,High Priority
AI-0094,Apazol 0,852.0,985.5015849383166,14.708978879676367,High Priority
R-5109,Ferro sulfat tab,1059.0,985.0562034019824,14.702331394059438,High Priority
R-2125,Sirdalud,871.0,970.5836829568146,14.486323626221115,High Priority
AI-1186,Rimstar 4 FDC 900 mg,1770.0,969.009875637247,14.46283396473503,High Priority
AI-1416,Ventolin nebules 2,529.0,943.5993003522397,14.083571647048354,High Priority
AI-1529,Atorsan 20 mg,939.0,942.0445576540075,14.060366532149365,High Priority
AI-0353,Dexanta 100 ml syp,524.0,932.7262785617434,13.921287739727513,High Priority
R-1311,Lasgan capsul,769.0,923.8063723559757,13.788154811283219,High Priority
AI-1089,Piroxicam 10 mg,151.0,923.2208257045614,13.779415309023305,High Priority
AI-1183,Rimactazid 450/300 750 mg,1110.0,908.2343486640233,13.555736547224228,High Priority
AI-0999,Olmetec 20 mg,2666.0,898.828992358608,13.415358094904597,High Priority
AI-1532,Lyrica  75 mg,702.0,885.3044792874873,13.21349969085802,High Priority
R-1091,Imunos,709.0,884.1169147118044,13.195774846444841,High Priority
R-1390,Lycoxy,961.0,882.0725603457979,13.165262094713402,High Priority
AI-0740,Ketoprofen 100 mg,667.0,877.0428060249876,13.090191134701307,High Priority
AI-0722,Kaltrofen 100 mg (supp),645.0,876.4243138758967,13.080959908595473,High Priority
AI-0098,Arimidex 1 mg,937.0,867.6168414969595,12.949505096969546,High Priority
AI-0654,Hytroz 2 mg,974.0,846.7256796697654,12.637696711489037,High Priority
AI-0625,Hidroklorotiazid 25 mg,1026.0,843.5902218762428,12.590898833973773,High Priority
AI-0978,Novalgin 500 mg/ml,638.0,840.0944598306113,12.5387232810539,High Priority
R-4910,Molexdryl syp,529.0,835.9965867350066,12.477560996044875,High Priority
R-0176,Becom C tab,436.3,832.279323037449,12.422079448320135,High Priority
AI-0264,Clindamycin 300 mg,793.0,830.3340725717403,12.393045859279706,High Priority
R-2976,LASAL 2 MG Tab,422.5,817.8881429127316,12.207285715115397,High Priority
AI-0025,Acyclovir 400 mg,1351.0,806.7216013663976,12.040620915916383,High Priority
R-2362,Tuzalos,628.0,794.872745964308,11.863772327825492,High Priority
AI-0202,Cardace 5 mg,868.0,780.5609589121373,11.650163565852795,High Priority
R-5164,Valesco 160 mg,1050.0,774.5890248616888,11.561030221816251,High Priority
AI-0970,Norelut 5 mg,846.0,774.0029635557381,11.552283038145346,High Priority
AI-1220,Scobutrin 10 mg,434.0,767.4261381538886,11.454121464983412,High Priority
R-0967,Gliseril Guaiacolat Tab,590.5,753.2705541063696,11.242844091139844,High Priority
AI-0536,Gabexal 100 mg,716.0,752.9404933067826,11.237917810548995,High Priority
R-0835,FG Troches,636.0,749.3854110354168,11.184856881125624,High Priority
AI-0671,Induxin 10 IU/ml,435.0,746.9646084304146,11.148725498961412,High Priority
AI-0371,Diazole 5 mg/ml,453.0,742.0989905376059,11.076104336382178,High Priority
R-2694,CHROMALUX TAB,503.0,735.726768417518,10.980996543545045,High Priority
R-4492,l- bio,599.0,732.0641461215585,10.926330539127738,High Priority
AI-0719,Kalnex 500 mg,656.0,725.4580601807343,10.827732241503497,High Priority
AI-1283,Spironolacton 100 mg,1211.0,723.5359245744804,10.799043650365379,High Priority
AI-0982,Novo Rapid FlexPen 100 IU/ml,544.0,708.1608365908562,10.56956472523666,High Priority
R-1297,Lapicef 500mg,683.0,697.4594899203936,10.409843133140203,High Priority
R-4494,Disp spuit 3 cc onemed,186.0,695.3660382870403,10.378597586373736,High Priority
AI-0484,Femara 2,737.0,692.9379127571209,10.3423569068227,High Priority
AI-0095,Apazol 1 mg,584.0,691.0982131844058,10.314898704244863,High Priority
R-1584,Natrium Diklofenac 50mg (REG),707.0,686.3639279700625,10.244237730896455,High Priority
R-5081,prenatal + DHA,705.0,686.2493772453266,10.242528018586965,High Priority
AI-0539,Gastrofer 40 mg,458.0,662.9211519251653,9.89434555112187,High Priority
R-2346,Trihexyphenidil 2mg,995.0,654.27394206252,9.765282717351043,High Priority
R-4200,Pot 30cc,154.0,637.3742313188894,9.513048228640141,High Priority
R-4552,Disp Spuit 10 cc Onemed,152.0,631.4918214185413,9.425251065948379,High Priority
R-1267,Lameson 4mg,625.0,629.1832310683508,9.390794493557474,High Priority
AI-1267,Solosa 2 mg,986.0,624.9022081789053,9.3268986295359,High Priority
AI-1439,Voltadex 1%,365.0,617.2496949187837,9.21268201371319,High Priority
AI-0226,Cendo Lyteers 15 ml,368.0,616.7321314977817,9.204957186534054,High Priority
AI-0553,Gentamycin 40 mg/ml,318.0,611.4849159628957,9.126640536759638,High Priority
AI-0187,Canderin 16 mg,1070.0,611.4681358238739,9.126390086923491,High Priority
AI-1056,Paracetamol 120 mg/5ml,301.0,601.3475767084773,8.975336965798169,High Priority
AI-0533,Fusycom 20 mg/gr,335.5,601.3165105500568,8.974873291791893,High Priority
AI-0399,Dulcolax 5 mg,404.0,600.6560913297956,8.965016288504412,High Priority
R-2450,Vit C manis 25 mg,382.5,599.3753192474529,8.945900287275416,High Priority
R-2761,Disp spuit 1 cc Stera,112.0,598.668873786472,8.935356325171224,High Priority
AI-0661,Ibuprofen 400 mg,553.5,596.4317955530428,8.901967097806608,High Priority
AI-0623,Hexymer 2 mg,1745.0,586.9239677604406,8.760059220305084,High Priority
R-4919,CHLORAL HIDRAT SERBUK,1800.0,586.1010471568829,8.747776823237059,High Priority
AI-0135,Azithromycin 500 mg,432.0,583.0000182440917,8.70149280961331,High Priority
AI-1347,Tiaryt 200 mg,682.0,579.9574651660332,8.656081569642287,High Priority
AI-0688,Irbedox 300 mg,753.0,579.140298619903,8.643885054028402,High Priority
R-2395,Valisanbe 2mg,485.25,576.8188106396157,8.609235979695756,High Priority
AI-0347,Depakote ER 500 mg,770.0,575.7283091398679,8.592959837908476,High Priority
AI-1289,Stalevo 325 mg,1110.0,575.1738618854691,8.584684505753271,High Priority
AI-0192,Captopril 25 mg,1116.0,574.2053974219041,8.570229812267225,High Priority
AI-0279,Co amoxiclav 625 mg,1084.0,573.8735738740529,8.56527722200079,High Priority
R-0094,Amoxsan 500mg cap,621.5,569.6861252264118,8.502777988453907,High Priority
AI-0694,Irvebal 150 mg,1545.0,560.9004348707272,8.371648281652645,High Priority
AI-0180,Calos 500 mg,530.0,560.2603430796355,8.36209467283038,High Priority
AI-0463,Farbivent 2,355.0,560.2218383526503,8.36151997541269,High Priority
R-0495,Codein 20mg,349.0,555.7115205485571,8.294201799232196,High Priority
R-2469,Vitazym,345.0,539.8073118408057,8.056825549862772,High Priority
R-0607,Dextamin,377.0,539.1532358128967,8.04706322108801,Medium Priority
AI-0718,Kalnex 250 mg/5 ml,362.0,527.4925922355018,7.873023764708981,Medium Priority
AI-0695,Irvebal 300 mg,1093.0,526.2332805386559,7.854228067741133,Medium Priority
R-1561,NaCl 0.9% 100ml Otsuka,320.0,517.5836672217689,7.725129361518939,Medium Priority
AI-0726,Kalxetin 20 mg,644.0,515.5709908001032,7.695089414926914,Medium Priority
R-0625,Diadium,331.0,495.16359941914493,7.390501483867835,Medium Priority
R-4553,DISP spuit 5 cc onemed,112.0,494.88810914489045,7.386389688729708,Medium Priority
R-2309,Tramadol 50mg,521.0,493.91996890741547,7.371939834439037,Medium Priority
AI-0727,Kamadol 50 mg/ml,327.0,492.11114612650744,7.344942479500111,Medium Priority
AI-1581,Thyrozol 10mg ,918.0,489.48460943802587,7.305740439373521,Medium Priority
AI-1544,Dimenhydrinate 50 mg,508.25,482.978905934175,7.208640387077239,Medium Priority
R-0545,Curcuma,623.0,472.1545509349053,7.047082849774705,Medium Priority
R-1470,Metaneuron,446.0,464.57510461671154,6.933956785324053,Medium Priority
AI-1185,Rimcure Paed 275 mg,1261.0,463.852981580402,6.923178829558239,Medium Priority
AI-0781,Lenal Ace 667 mg,948.0,458.6377146845251,6.845339025142166,Medium Priority
AI-0366,Diaversa 2 mg,1321.0,457.41232387074706,6.82704961001115,Medium Priority
AI-0951,Nilacol 500 mg,477.0,430.31587599008617,6.422625014777405,Medium Priority
AI-0335,Decolsin 411 mg caps,449.0,427.540666568137,6.3812039786289105,Medium Priority
R-1869,PRAZOTEC CAPSUL,450.0,426.4677839265314,6.3651908048736034,Medium Priority
AI-0430,Eperisone OGB 50 mg,393.0,419.62621812407235,6.263077882448841,Medium Priority
AI-0851,Mestinon 60 mg,630.0,417.7460076109518,6.235015038969429,Medium Priority
AI-0881,Miconazol 2%,230.5,415.2814191316033,6.198230136292587,Medium Priority
AI-1541,Zilop   300 mg,813.0,414.4676041991633,6.186083644763632,Medium Priority
R-0828,FENTANIL 0.05/2ML,334.0,414.1134295209428,6.18079745553646,Medium Priority
AI-0777,Laxadine 60 ml,259.0,411.96864425953345,6.148785735216917,Medium Priority
AI-1537,Erythromycin   500 mg,371.0,404.86724461375064,6.042794695727622,Medium Priority
R-1815,Phenobarbital  30mg,922.0,401.8628340840118,5.9979527475225645,Medium Priority
AI-1306,Sultrimmix 480 mg,418.0,396.2351462313244,5.913957406437677,Medium Priority
AI-1551,Tamofen 10 mg,570.0,396.12904880913965,5.91237386282298,Medium Priority
AI-1268,Solosa 3 mg,726.0,395.258265220181,5.899377092838522,Medium Priority
AI-0606,Haloperidol 1,835.0,393.91034792084207,5.879258924191673,Medium Priority
AI-0803,Lodem 30 mg,516.0,391.6883449747022,5.846094701114958,Medium Priority
AI-0183,Cameloc 7,725.0,380.929287309783,5.6855117508922834,Medium Priority
AI-0194,Carbamazepine 200 mg,631.0,380.7175540784455,5.682351553409634,Medium Priority
AI-0212,Cefadroxil 125 mg/5ml,155.0,378.9782692501684,5.656392078360723,Medium Priority
R-2946,Isoniazide 300,478.0,378.16393030128785,5.644237765690863,Medium Priority
R-5099,Erphalanz caps,407.0,376.29830234471547,5.616392572309186,Medium Priority
R-1346,Lidocain 2 % inj,51.0,373.45217435983477,5.573913050146787,Medium Priority
R-4684,Mucos Tab,206.5,370.5360259217792,5.530388446593719,Medium Priority
AI-1542,Lyrica  50 mg,334.0,366.2321715300508,5.466151813881355,Medium Priority
AI-0965,Noperten 5 mg,755.0,359.6834750375942,5.368410075187973,Medium Priority
AI-1578,Hyperchol 300mg caps,415.0,358.79874543317146,5.355205155718977,Medium Priority
AI-0191,Captopril 12,279.0,354.6486303813609,5.293263140020311,Medium Priority
AI-1556,Telfast OD 120 mg,395.0,353.81625493784367,5.280839625937965,Medium Priority
R-1629,Neurosanbe Tab,236.0,346.6556113503837,5.17396434851319,Medium Priority
AI-0271,Clonidine 0,673.0,345.7336624897209,5.160203917757029,Medium Priority
R-4405,Urine bag  ,106.0,345.07159727203805,5.1503223473438515,Medium Priority
R-2467,VITAMIN K Tablet,283.0,342.77918521141015,5.116107241961346,Medium Priority
R-2492,Vometa FT,341.0,340.31749393288976,5.079365581087907,Medium Priority
AI-1265,Sohobion Injeksi 3 ml,203.0,339.75038876249477,5.070901324813355,Medium Priority
R-0950,Gentamicine salep kulit,104.0,336.5554854896685,5.023216201338336,Medium Priority
AI-0195,Carbloxal 6,709.0,336.00317265442794,5.0149727261854915,Medium Priority
R-4027,Micro Fen (BD),202.0,334.37625545101065,4.99069037986583,Medium Priority
R-0124,Aquades for inj 25 ml Otsuka,207.0,327.8682359746492,4.89355576081566,Medium Priority
AI-0254,Ciprofloxacine 2 mg/ml,270.0,326.3072998827862,4.870258207205764,Medium Priority
AI-0376,Diltiazem 30 mg,899.0,325.58187979360815,4.859431041695644,Medium Priority
AI-1241,Sifrol ER 750 mcg,451.0,324.12975574590155,4.837757548446292,Medium Priority
R-4673,Kasa Steril Molex,165.0,323.54465915801893,4.829024763552521,Medium Priority
R-4929,citicolin tab 500,380.0,322.1804010924154,4.808662702871872,Medium Priority
AI-0933,Neo-Mercazole 5 mg,714.0,318.7276506355339,4.757129113963193,Medium Priority
R-1430,Mecobalamin 250 CAPS,334.0,314.1996193557079,4.689546557547879,Medium Priority
R-0602,Dexamethason inj,135.0,313.6353873676415,4.681125184591664,Medium Priority
R-2576,Alkohol 70% 100 ml,91.0,312.43446351832404,4.663200948034687,Medium Priority
R-1658,Nonflamin,344.0,311.2730449597227,4.645866342682429,Medium Priority
AI-0782,Leparson 125 mg ,780.0,306.1258465352367,4.569042485600548,Medium Priority
AI-0083,Antalgin 500 mg,225.0,305.08867443155486,4.5535623049485805,Medium Priority
AI-0477,Farsix 10 mg/ml,241.0,305.04493548444754,4.552909484842501,Medium Priority
R-0455,CITICOLINE INJ,318.0,302.6042769545527,4.5164817455903385,Medium Priority
R-3051,NEURALGIN RX TAB,249.0,294.9429182808914,4.402133108670021,Medium Priority
R-0743,Epexol,295.0,293.4230780469208,4.379448926073445,Medium Priority
R-1700,OBH syr,119.0,289.1219091054354,4.315252374707991,Medium Priority
R-1432,MECOBALAMIN INJ,260.0,288.91327003897607,4.312138358790688,Medium Priority
R-2329,Tremenza,191.0,287.6346063286276,4.2930538258004125,Medium Priority
R-4759,Vitamin C,136.0,287.15144863466395,4.285842516935283,Medium Priority
R-1521,Moloco B12,479.0,286.8414047362945,4.281214996064097,Medium Priority
R-5145,dolocap,297.0,284.41409255753535,4.244986456082617,Medium Priority
AI-1107,Povidon Iodine lar 10%/60,89.0,283.69828461682005,4.234302755474926,Medium Priority
AI-0486,Fenobarbital 30 mg,607.0,282.6136151510377,4.218113658970712,Medium Priority
R-0107,Antasida Doen Syr,104.0,280.15423242571194,4.181406454115104,Medium Priority
AI-0598,Griseofulvin 125 mg,420.0,278.0374181005529,4.149812210456013,Medium Priority
AI-0950,Nifedipin 10 mg,227.0,277.11728341705015,4.136078856970897,Medium Priority
AI-1311,Symbicort 160/4.5mcg,186.0,263.44613640183314,3.9320318865945247,Medium Priority
AI-0582,Glukosa 5%,198.0,262.8977875664927,3.923847575619294,Medium Priority
AI-0392,Dorner 20 mcg,134.0,260.0008719798875,3.8806100295505597,Medium Priority
AI-1266,Solosa 1 mg,505.0,259.33988112875915,3.8707444944590916,Medium Priority
AI-0162,Braxidin 7,239.0,258.4916567510143,3.8580844291196166,Medium Priority
R-1023,HCT 25 MG TAB,332.0,255.90808221250606,3.819523615112031,Medium Priority
AI-0652,Hytrin 2 mg,1075.0,253.12481284668286,3.777982281293774,Medium Priority
AI-0338,Deksametason 0,150.0,249.52559805028122,3.724262657466884,Medium Priority
R-0755,Equal,70.5,249.48917980633533,3.7237191015870943,Medium Priority
AI-1372,Triaxitrol 5 ml,156.0,245.0082887926685,3.6568401312338583,Medium Priority
R-2564,Acid Salicyl,26.775000000000002,244.60489473249413,3.650819324365584,Medium Priority
R-4518,Flu-Tab ,213.0,241.50962710132114,3.6046213000197187,Medium Priority
R-0065,alprazolam 1mg,250.0,240.8973994663893,3.5954835741252134,Medium Priority
AI-0711,KA EN 3 A 500 ml,227.0,237.86198712946816,3.550178912380122,Medium Priority
R-0265,Buscopan 10 mg Tab,191.0,236.4628061104376,3.529295613588621,Medium Priority
R-2767,Disp spuit 3 cc Unzen,45.0,229.46663057783744,3.424875083251305,Medium Priority
AI-1538,Aricept 5 mg,250.0,227.0940694400217,3.3894637229853988,Medium Priority
R-2079,Sanmol Syr,128.0,226.59388529955834,3.3819982880531096,Medium Priority
R-1872,Prednison,470.0,226.13960154044435,3.3752179334394676,Medium Priority
R-1908,PROMAVIT CAP,357.0,223.37120022022785,3.3338985107496693,Medium Priority
AI-1152,Ramixal 5 mg,362.0,222.95879795852423,3.327743253112302,Medium Priority
R-2434,Viccillin 1000mg/vial,150.0,222.16297750596345,3.315865335909902,Medium Priority
AI-1398,Vagistin 500 mg,226.0,222.05676324404124,3.3142800484185257,Medium Priority
AI-0448,Erythromycin 250 mg,205.0,220.39124624935533,3.2894215858112736,Medium Priority
R-3434,Angiocath No. 22,75.0,220.20485908960464,3.2866396879045467,Medium Priority
R-0464,CLANEKSI FORTE TAB,274.0,214.22928527610037,3.197452019046274,Medium Priority
AI-0812,Lovenox 60 mg/0,187.0,214.04350371737246,3.194679159960783,Medium Priority
AI-0720,Kalnex 500 mg/5 ml,179.0,213.60659160048056,3.1881580835892622,Medium Priority
R-1913,Proneuron tab,189.0,213.12615918517798,3.1809874505250444,Medium Priority
AI-1376,Triheksifenidil HCl 2 mg,459.0,210.62016742384068,3.1435845884155325,Medium Priority
R-1409,Maltiron PLUS,387.0,209.74804704829825,3.130567866392511,Medium Priority
R-1116,Infusan RL,202.0,209.43649263662715,3.1259178005466737,Medium Priority
AI-1240,Sifrol ER 375 mcg,330.0,209.1215995072387,3.121217903093115,Medium Priority
R-5050,Letraz 2.5mg tab,358.0,208.02919672001968,3.104913383880891,Medium Priority
R-1292,Lapibal 500mg,199.0,207.73789529334425,3.100565601393198,Medium Priority
R-0618,Dextrose 5% 500ml otsu,156.0,207.69886376173815,3.0999830412199723,Medium Priority
AI-0132,Avodart 0,304.0,204.07010358201993,3.0458224415226853,Medium Priority
AI-0073,Amoxicillin 125 mg,59.0,199.35648168819085,2.9754698759431473,Medium Priority
AI-0518,Fosen 133 ml,98.0,198.21702934278747,2.958463124519216,Medium Priority
AI-1275,Sotatic 5 mg/ml,144.0,196.30855517745104,2.929978435484344,Medium Priority
R-1280,Lanolin 100GR,25.59,195.83860147847219,2.9229642011712267,Medium Priority
R-4111,Opsite 25cm x 10cm,105.0,195.40806520815744,2.916538286688917,Medium Priority
R-3433,Angiocath No. 20,70.0,193.55226920812714,2.8888398389272707,Medium Priority
R-0177,Becom Z,202.0,193.39657424222446,2.886516033466037,Medium Priority
AI-0996,Ofloxacin 400 mg,97.0,193.13583657236688,2.882624426453237,Medium Priority
AI-1475,Zinkid 10 mg/5 ml,107.0,189.10310081977954,2.8224343405937247,Medium Priority
R-2468,Vitavit syr,47.0,187.38967744055293,2.7968608573216853,Medium Priority
AI-0567,Glimepiride 4 mg,427.0,186.57667363641647,2.7847264721853207,Medium Priority
AI-0738,Ketokonazol 2%,76.0,185.56833390302623,2.769676625418302,Medium Priority
R-2760,Disp Spuit 1 cc Onemed,29.0,184.39461868008473,2.7521584877624585,Medium Priority
AI-0011,Actapin 5 mg,398.0,184.39091537002523,2.7521032144779887,Medium Priority
AI-1338,Tetagam 250 IU/amp,89.0,178.32298438751914,2.6615370804107337,Medium Priority
R-0879,Folavit 400,231.0,177.98968765168496,2.6565625022639545,Medium Priority
R-4395,T-VIO 2-0,90.0,176.19337910031632,2.629751926870393,Medium Priority
R-1073,IBUPROFEN 400,133.0,174.7232646387882,2.6078099199819134,Medium Priority
AI-0650,Hystolan 20 mg,168.0,172.87479289278977,2.5802207894446236,Medium Priority
AI-0607,Haloperidol 5 mg,236.0,171.58938112668162,2.561035539204203,Medium Priority
AI-0150,Binozyt 500 mg,162.0,167.467791554027,2.4995192769257764,Medium Priority
R-0695,Dumin Rectal Supp 125mg,87.0,167.13257605810873,2.494516060568787,Medium Priority
AI-0346,Depakote ER 250 mg,224.0,167.13011939372262,2.4944793939361585,Medium Priority
AI-1137,Pulmicort Respules 0,188.0,166.50011944354685,2.4850764096051767,Medium Priority
R-0274,Cal 95 tab,211.0,163.57681198705674,2.441444955030698,Medium Priority
AI-1361,Tranexid 250 mg/5 m,150.0,163.39544399867518,2.4387379701294805,Medium Priority
R-0198,BETAHISTINE 6MG,214.0,160.4609581485546,2.3949396738590236,Medium Priority
AI-0253,Cilostazol 100 mg,356.0,160.33779373739415,2.3931013990655843,Medium Priority
AI-1269,Solosa 4 mg,256.0,160.1570057935592,2.3904030715456597,Medium Priority
R-0213,Biodiar tab,138.0,158.7942488175031,2.3700634151866136,Medium Priority
AI-0450,Etambutol 250 mg,579.0,158.74371560063668,2.369309188069204,Medium Priority
AI-0087,Antihemoroid Supositoria 282,140.0,157.97814385421668,2.357882744092786,Medium Priority
R-1623,Neurodex,87.0,157.63612520269717,2.352777988099958,Medium Priority
R-1122,Inoxin 400,339.0,156.4522025959592,2.3351075014322267,Medium Priority
R-3942,IV Catheter Surflo No. 26 Terumo,76.0,155.36269674477745,2.3188462200713054,Medium Priority
AI-1401,Valdimex 5 mg,73.0,154.5584678773217,2.30684280413913,Medium Priority
AI-0789,Levemir Flexpen 100 IU/ml,136.0,154.38144960398282,2.3042007403579525,Medium Priority
R-1295,Lapicef 125mg Syr,70.0,151.14471681144417,2.2558912956931967,Medium Priority
AI-0772,Lantus Solostar Pen 100 IU/ml,147.0,151.0576315424521,2.2545915155589866,Medium Priority
AI-1122,Profenid 100 mg,109.0,150.5176773944979,2.2465324984253416,Medium Priority
AI-0725,Kalxetin 10 mg,125.0,149.59561603369778,2.2327703885626535,Medium Priority
R-0168,Baquinor 500mg tab,258.0,148.6572357925017,2.2187647133209207,Medium Priority
AI-0964,Noperten 10 mg,528.0,145.98213013283666,2.1788377631766664,Medium Priority
AI-0221,Ceftazidime 1000 mg/vi,127.0,145.38064910984156,2.1698604344752472,Medium Priority
R-1082,Imboost Force,180.0,144.95289717561496,2.1634760772479846,Medium Priority
R-1092,Imunos syr,66.0,144.20358942001096,2.1522923794031485,Medium Priority
R-2805,ERYSANBE 200MG,149.0,143.4852268904346,2.1415705506035017,Medium Priority
AI-1360,Tramadol 50 mg/ml,95.0,142.41662650180294,2.1256212910716856,Medium Priority
R-3884,Infus Set Makrodrip Stardec,33.0,140.73739894454434,2.100558193202154,Medium Priority
R-4977,Lezra 2.5 tablet,240.0,140.67465658144417,2.0996217400215547,Medium Priority
R-4388,Transfusi Set Stardec,57.0,140.26302912558583,2.0934780466505347,Medium Priority
R-2006,Rifampicin 450mg,434.0,139.39829870440647,2.080571622453828,Medium Priority
AI-0429,Enystin 100.000 IU,74.0,137.97180464933618,2.059280666408003,Medium Priority
AI-0201,Cardace 2,192.0,136.8811170484611,2.043001746991957,Medium Priority
R-3315,TRAMSET TABLET,164.0,136.3607520444902,2.035235105141645,Medium Priority
AI-0617,Herbesser CD 200 mg,222.0,134.43058425047337,2.0064266306040803,Medium Priority
AI-0737,Ketoconazole 200 mg { SALAH },307.0,133.86797183722746,1.99802943040638,Medium Priority
R-4691,Infus set makrodip polymed,33.0,132.37791892427578,1.9757898346906833,Medium Priority
AI-0529,Furosemid 10 mg/ml,45.0,132.3111359890572,1.9747930744635402,Medium Priority
AI-0397,Doxycycline 100 mg,144.0,131.33228831994404,1.9601834077603588,Medium Priority
AI-1150,Ramixal 10 mg,233.0,129.70910766426016,1.9359568308098531,Medium Priority
R-0899,Frego 5mg,123.0,128.69459209275,1.9208148073544777,Medium Priority
AI-0143,Berotec MDI 100 mcg/pu,89.0,127.6502953551511,1.9052282888828522,Medium Priority
AI-0439,Ericaf 1 mg,138.0,127.4882991488389,1.9028104350572972,Medium Priority
R-1431,MECOBALAMIN 500,34.0,125.02421670366971,1.8660330851293987,Medium Priority
R-1055,Histapan Tab 50mg,10.0,124.9949152262555,1.8655957496456044,Medium Priority
AI-0024,Acyclovir 200 mg,226.0,124.457875661702,1.8575802337567464,Medium Priority
R-2001,RHINOS SR,103.0,124.08010071509472,1.8519418017178315,Medium Priority
AI-0219,Cefixime OGB 100 mg/5ml,56.0,123.19674398846485,1.8387573729621618,Medium Priority
R-2340,Tricefin 1gr,121.0,121.99221448802231,1.8207793207167509,Medium Priority
R-2085,Sanprima Tab,85.0,121.3445679805194,1.8111129549331253,Medium Priority
R-2993,LIVER CARE,185.0,120.81585307344676,1.8032216876633844,Medium Priority
AI-0390,Dopamet 250 mg,194.0,120.44727467125617,1.7977205174814352,Medium Priority
R-0678,Domperidone,75.0,119.02936351849334,1.7765576644551244,Medium Priority
AI-1362,Tranexid 500 mg/5 m,73.0,118.47632195606944,1.768303312777156,Medium Priority
R-1123,Inpepsa 100ml Syr,51.0,118.38764437222535,1.766979766749632,Medium Priority
AI-1184,Rimactazid Paed 125 mg,395.0,118.17161037243876,1.763755378693116,Medium Priority
R-2272,Thiampenicol 500mg,116.0,117.79207706567142,1.7580907024727077,Medium Priority
AI-0576,Glucobay 100 mg,411.0,117.00471180520069,1.7463389821671744,Medium Priority
AI-1059,Paratusin 294,46.0,116.5475336726279,1.7395154279496703,Medium Priority
R-0720,Elpicef 1,117.0,115.98413738017408,1.7311065280622997,Medium Priority
R-1230,Ketricin tab,66.5,115.85818670060198,1.7292266671731638,Medium Priority
R-3435,Angiocath No. 24,31.0,115.59558133471748,1.725307184100261,Medium Priority
R-4496,Disp spuit 3 cc stera,14.0,115.59330001631315,1.7252731345718382,Medium Priority
R-1165,Ka-EN 1B,75.0,115.55000359515932,1.7246269193307362,Medium Priority
R-0377,CENDO CATARLENT ED 5 ML,54.0,114.42531892274958,1.7078405809365609,Medium Priority
R-2078,Sanmol Drop,48.0,112.42207677237441,1.6779414443637972,Medium Priority
R-0450,Ciprofloxacin 500mg,68.0,111.86893549302117,1.6696856043734503,Medium Priority
R-0371,Cendo Asthenof ED,52.0,111.23530047179082,1.6602283652506094,Medium Priority
AI-0854,Metformin 850 mg,420.0,110.57745494512054,1.6504097753003064,Medium Priority
R-4873,Mometasone krim 5gr,64.05,110.47326856016548,1.6488547546293355,Medium Priority
R-2061,Sanadryl Exp 120ml,44.0,108.85284005604973,1.6246692545679065,Medium Priority
AI-1279,Spiramisin 500 mg,133.0,108.59781503135352,1.6208629109157242,Medium Priority
R-0696,Dumin Rectal Supp 250mg,57.0,107.4586493024219,1.6038604373495806,Medium Priority
AI-1263,Sofra-Tulle 1% 10x10,130.0,105.77415195049217,1.5787186858282414,Medium Priority
AI-0090,Anvomer B6 70 mg,105.0,105.59634631096115,1.576064870312853,Medium Priority
R-1794,Pehacain inj,29.0,102.98973056185248,1.5371601576395892,Medium Priority
AI-0859,Methylprednisolone 16 mg,53.0,102.87416383243118,1.5354352810810623,Medium Priority
R-2083,Sanprima Forte,86.0,102.07703133317655,1.5235377810921873,Medium Priority
AI-0147,Betaserc 8 mg,167.0,101.20037862221288,1.510453412271834,Medium Priority
R-1615,Neurobion 5000 mg tab,89.0,100.38260193568038,1.498247790084782,Medium Priority
AI-0910,N-Ace 300 mg/3ml,91.0,100.35468441022542,1.4978311106003794,Medium Priority
AI-0538,Ganin 300 mg,144.0,99.90575510054809,1.491130673142509,Medium Priority
R-1919,PRORENAL TAB,360.0,98.78971541381108,1.47447336438524,Medium Priority
R-0109,Anti hemaroid  supp,57.0,98.0247037497918,1.4630552798476388,Medium Priority
AI-0557,Glibenclamide 5 mg,335.0,97.92165410240005,1.4615172254089561,Medium Priority
AI-1456,Widahes 130 6%,79.0,96.88560209670219,1.446053762637346,Medium Priority
R-1001,GRACEF 1GR,86.0,96.6948820122463,1.4432071942126312,Medium Priority
R-0754,Epsonal,96.0,96.06617165918753,1.4338234575998139,Medium Priority
AI-0710,Ixor 150 mg,103.0,95.29659036500227,1.4223371696268996,Medium Priority
AI-1281,Spiriva Refill 18 mcg,195.0,94.91714932745413,1.4166738705590167,Medium Priority
R-0267,Buscopan Plus tab,53.0,94.15124492105082,1.405242461508221,Medium Priority
R-2253,Teosal Tab,61.0,94.05646740808054,1.403827871762396,Medium Priority
R-2002,RHODIUM,135.0,93.94177508333819,1.4021160460199729,Medium Priority
AI-0556,Glaucon 250 mg,90.0,93.34114976894999,1.3931514890888057,Medium Priority
AI-0039,Alinamin F 25 mg/10 m,68.0,92.46057617416992,1.3800085996144764,Medium Priority
R-3212,RISPERIDONE 2 MG TAB,380.0,91.85173109928343,1.3709213596907974,Medium Priority
AI-1455,WIDA WI (Unicap) 1000 ml,141.0,91.6039412103783,1.3672230031399746,Low Priority
R-0839,FIXACEP 200,165.0,91.30301997968002,1.3627316414877615,Low Priority
AI-1046,Ozid-G iv 40 mg,67.0,90.95159154128447,1.3574864409146936,Low Priority
R-0078,Aminefron tab,141.0,89.97755627323559,1.3429486010930685,Low Priority
R-2295,Tiriz drop,39.0,89.40933562226115,1.334467695854644,Low Priority
AI-0049,Ambroxol 15mg/5ml,20.0,88.94991268818367,1.3276106371370697,Low Priority
AI-0161,Borraginol N Supp supp Komb,58.0,88.20140042834333,1.3164388123633333,Low Priority
AI-1387,Ulsafate 500 mg/5 m,41.0,87.68677656839833,1.308757859229826,Low Priority
AI-1327,Tenapril 5 mg,165.0,87.0037821537575,1.2985639127426492,Low Priority
R-2466,Vitamin k 10mg/ml inj,42.0,86.54089216336804,1.291655106915941,Low Priority
AI-0242,Cetirizine 10 mg/mL,36.0,86.28245480451419,1.287797832903197,Low Priority
AI-1393,Urispas 200 mg,63.0,84.3972712860096,1.2596607654628298,Low Priority
R-2378,UNALIUM 5,94.0,82.61114006679827,1.2330020905492278,Low Priority
R-1894,Procalma licaps,155.0,82.30142108930536,1.2283794192433637,Low Priority
AI-0307,Curcuma 200 mg,108.0,81.38677747883364,1.214728022072144,Low Priority
R-1898,PROCUR PLUS,65.0,80.81227306872557,1.2061533293839637,Low Priority
R-0744,Epexol syr 120ml,28.0,80.80657050111229,1.2060682164345118,Low Priority
R-1043,Herbesser CD 100,154.0,80.5180581151462,1.2017620614200926,Low Priority
R-2258,Terfacef 1gr Vial,41.0,80.2861745268685,1.198301112341321,Low Priority
AI-0063,Aminopyline 200 mg,22.0,80.23886790805592,1.1975950434038198,Low Priority
R-1628,Neurosanbe Inj,25.0,79.94473290847111,1.193204968783151,Low Priority
R-0877,FOLAMIL GENIO,140.0,78.47160516647769,1.1712179875593685,Low Priority
R-1357,Lipofood,127.0,78.35456550733515,1.1694711269751514,Low Priority
AI-1577,Januvia 50mg tab,180.0,78.35211292217726,1.1694345212265262,Low Priority
R-3269,STARCEF CAP 100 MG,129.0,78.22769626506684,1.1675775561950275,Low Priority
AI-0742,Ketorolac 10 mg,26.0,77.3690048749011,1.1547612667895686,Low Priority
AI-1561,Yosenob tab,53.0,76.10765765974325,1.1359351889513918,Low Priority
AI-0398,Dulcolax 10 mg,60.0,75.59717469890938,1.1283160402822296,Low Priority
R-0802,Extrace Inj,34.0,74.49739924248931,1.1119014812311836,Low Priority
R-4951,Flunarizine hcl 5 mg,41.0,74.38379371022762,1.1102058762720541,Low Priority
R-2703,CODEIN 10MG,57.0,74.34642547127808,1.1096481413623593,Low Priority
R-0878,Folaplus,88.0,74.34377107768765,1.1096085235475768,Low Priority
AI-0411,Ecosol Ringer Laktat 500 ml,37.0,73.70701093446401,1.1001046408128956,Low Priority
R-0358,CEFXON 1GRAM,53.0,73.58831852590677,1.0983331123269668,Low Priority
R-0340,Cefat 500mg,130.4,73.19915344362494,1.0925246782630587,Low Priority
R-1947,Pyridoxine,74.0,72.67011873332763,1.08462863781086,Low Priority
R-0557,Cygest supp 400mg,79.0,72.5606679292041,1.0829950437194642,Low Priority
R-4342,Suction Catheter No. 8 Remedi,8.0,72.47754028454248,1.0817543326051118,Low Priority
R-1695,Nutriflam,116.0,72.40364738951394,1.0806514535748348,Low Priority
R-1314,Lasix Tab,138.0,71.92990635148153,1.0735806918131572,Low Priority
AI-0692,Irtan 150 mg,213.0,71.07109272285233,1.0607625779530199,Low Priority
R-4662,Mefix 500mg,75.0,70.78591039364875,1.0565061252783394,Low Priority
R-1490,Metronidazole 500 mg,63.0,70.53829901009814,1.0528104329865395,Low Priority
R-0231,Bisolvon Inj,58.0,69.73606373382788,1.0408367721466847,Low Priority
AI-0760,Kotrimoksazol 480 mg,28.0,69.63134678185672,1.0392738325650257,Low Priority
R-0808,Falergi 10mg tab,48.0,69.41671771321732,1.0360704136301093,Low Priority
R-2216,Syntocinon  inj,48.0,68.55038199953404,1.0231400298437916,Low Priority
R-1729,ONETIC 4MG TAB,141.0,68.03333021636342,1.0154228390502003,Low Priority
R-0008,Acran 150mg tab,44.0,67.33283382664358,1.0049676690543818,Low Priority
AI-0277,Clozer 100 mg,360.0,65.95932681818604,0.984467564450538,Low Priority
AI-0858,Methylprednisolone 125 mg/2ml,57.0,63.643778685929895,0.9499071445661178,Low Priority
AI-0096,Apidra Solostar Pen 100 IU/ml,24.0,63.43470671567964,0.9467866673982036,Low Priority
R-2373,Ultracet tab,111.0,62.48679356413875,0.9326387099125186,Low Priority
R-0057,Alloris tab,77.0,61.74928368119586,0.9216310997193412,Low Priority
R-2314,Tramal Sup,37.0,61.61910501621843,0.9196881345704243,Low Priority
AI-0653,Hytroz 1 mg,77.0,60.7337887206858,0.9064744585176985,Low Priority
R-1627,Neurosanbe 5000mg,42.0,59.885860563763714,0.893818814384533,Low Priority
R-1057,HP Pro,51.0,59.25931854653675,0.8844674409930858,Low Priority
AI-0260,Citicholin 250 mg/2ml,44.0,58.53561892241842,0.8736659540659466,Low Priority
R-4913,Cetirizine 5mg/5ml,34.0,58.06686659741847,0.8666696507077383,Low Priority
R-1439,Medixon  4 mg,95.0,57.656842820373576,0.8605498928413967,Low Priority
R-0752,Eprex 2000,60.0,56.70877162024491,0.8463995764215658,Low Priority
AI-1031,Otsu - D5 5%,13.0,56.62827257378917,0.8451980981162562,Low Priority
AI-1553,Dobutamin Hameln 250 mg,31.0,55.53444267329307,0.8288722787058668,Low Priority
R-0074,Ambroxol Tab,75.0,55.41218212973706,0.8270474944736875,Low Priority
AI-1461,Xarelto 10 mg,69.0,55.1310066721962,0.8228508458536746,Low Priority
R-2495,Vosedon,43.0,55.03277757871497,0.8213847399808204,Low Priority
R-0428,Chloramfenicol 250,84.0,54.14500194293965,0.8081343573573082,Low Priority
AI-0256,Cisplatin 10 mg/vial,41.0,53.68930787342817,0.8013329533347489,Low Priority
AI-1318,Tanapress 5 mg,115.0,53.33285720216025,0.7960127940620932,Low Priority
R-0102,Analsik  cap,41.0,51.887843725034216,0.774445428731854,Low Priority
R-0528,Cotrimoxazole 480mg,28.0,51.34315953058576,0.7663158138893397,Low Priority
AI-0125,Atropin 0,23.0,50.150790043077315,0.7485192543742882,Low Priority
R-1944,Pyrazinamide 500mg,144.0,49.19806761253169,0.7342995166049505,Low Priority
AI-0367,Diaversa 3 mg,300.0,49.143463561312316,0.7334845307658555,Low Priority
R-1533,MTX (methotraxate) tab,53.0,49.13280054135819,0.7333253812143014,Low Priority
R-2754,DIOVAN 80 TAB,761.0,48.51746896292642,0.724141327804872,Low Priority
AI-1090,Piroxicam 20 mg,120.0,47.55748348242902,0.7098131863049107,Low Priority
AI-1199,Salbutamol 4 mg,13.0,46.4922695046404,0.6939144702185134,Low Priority
R-4718,Allopurinol 300 tab,96.0,46.120896793489656,0.6883715939326814,Low Priority
AI-1552,Atorsan 40 mg,62.0,46.09959081985561,0.688053594326203,Low Priority
AI-0468,Farmabes 25 mg/5 ml,19.0,45.860569321845034,0.6844861092812692,Low Priority
R-3202,RENAX,77.0,45.53821095134253,0.6796747903185452,Low Priority
R-4614,UTROGESTAN 100MG,25.0,45.2775247810076,0.6757839519553374,Low Priority
R-2008,Rifamtibi 450mg,69.0,45.106568376219464,0.6732323638241711,Low Priority
R-1963,Ranitidine  Tab,24.0,44.880497563538725,0.6698581725901303,Low Priority
R-4858,Merislon Tab 12 Mg,35.0,44.68821969307055,0.6669883536279186,Low Priority
AI-0715,Kalitake 5 gr,49.0,44.11647620765683,0.6584548687709975,Low Priority
R-2087,Santibi Plus,180.0,44.089598696904744,0.6580537118941007,Low Priority
AI-0207,Casodex 50 mg,92.0,43.089048645178295,0.6431201290325118,Low Priority
R-0733,ENGERIX INJ PEDIATRIK 0.5ML,15.0,42.56223308654002,0.635257210246866,Low Priority
R-0027,Adona AC 50mg Inj,33.0,42.13455618951009,0.6288739729777626,Low Priority
R-1715,Omeprazole 20mg,25.0,42.10739569171979,0.6284685924137282,Low Priority
AI-1403,Valsartan NI 80 mg,90.0,41.90720915674372,0.625480733682742,Low Priority
R-0406,Cendo Xitrol Eye Drop,9.0,41.61117391520091,0.6210622972418046,Low Priority
R-0806,Ezetrol 10mg,90.0,41.57351709020118,0.6205002550776295,Low Priority
AI-1193,Ronem 500 mg/ml,30.0,39.83199709868133,0.5945074193833034,Low Priority
R-1115,INFUSAN RING AS,31.0,39.54260484903343,0.5901881320751259,Low Priority
R-1493,Mevilox 15mg tab,27.0,39.14797138422156,0.5842980803615159,Low Priority
R-2389,V-bloc 6.25 tab,49.0,38.26577736803472,0.5711310054930555,Low Priority
R-2826,FARMADOL INFUS,6.0,37.628429422412,0.5616183495882388,Low Priority
R-0251,BRALIN INJ,18.0,37.2528785983726,0.5560131134085462,Low Priority
AI-0085,Antidia 2 mg,20.0,36.990371974335424,0.5520951040945585,Low Priority
R-1206,kapsul kosong 3,36.0,36.94247555968899,0.551380232234164,Low Priority
AI-1540,Cordila SR 90 mg,90.0,36.76856618449505,0.5487845699178365,Low Priority
R-0891,Forres,40.0,36.74262562188348,0.5483973973415445,Low Priority
R-2589,Arcoxia 60 mg tab,43.0,36.56402855028478,0.5457317694072356,Low Priority
AI-0693,Irtan 300 mg,60.0,35.16585083058097,0.5248634452325518,Low Priority
AI-0103,Asam Askorbat 50 mg,84.0,32.98814735803589,0.4923604083288939,Low Priority
R-1494,Meviton,40.0,32.68390054576633,0.4878194111308407,Low Priority
AI-1264,Sohobion 5000 mcg,2.0,32.673843612569435,0.4876693076502901,Low Priority
AI-1181,Rifampicin 600 mg,31.0,32.445121922000624,0.4842555510746362,Low Priority
AI-1554,Dexipenem 1.000 mg,28.0,31.188603490977272,0.4655015446414518,Low Priority
R-3115,Pharmaton Matruelle,90.0,30.656021996781273,0.4575525671161384,Low Priority
R-1531,MST 10MG,49.0,30.526520816879657,0.455619713684771,Low Priority
R-3841,Handscoend uk. M sensi,1.0,30.498150428501763,0.4551962750522651,Low Priority
AI-0261,Citicholin 500 mg,66.0,30.387247831123346,0.4535410124048261,Low Priority
R-0652,Diovan 160 mg,135.0,30.333931672737258,0.45274524884682477,Low Priority
R-2625,BICNAT TAB,102.0,30.245648996477925,0.45142759696235707,Low Priority
R-4894,Acarbose 50mg tab,291.0,29.81022825660347,0.4449287799493055,Low Priority
R-1580,Nat c 1000,16.0,29.642027088481797,0.44241831475345966,Low Priority
AI-0616,Herbesser CD 100 mg,60.0,28.37157887708718,0.42345640115055494,Low Priority
AI-0478,Farsorbid 10 mg,18.0,27.84317545841229,0.4155697829613775,Low Priority
R-1265,Laktafit,40.0,27.386818545377462,0.40875848575190243,Low Priority
R-5136,CAVIPLEX TAB,10.0,27.01714264301097,0.403240934970313,Low Priority
R-1831,Piracetam 800mg,45.0,26.092858838663826,0.3894456543084153,Low Priority
R-1637,New Diatab,16.0,25.544910288896588,0.3812673177447252,Low Priority
R-0539,CRESTOR 10,60.0,25.207925170621795,0.37623768911375816,Low Priority
R-0143,Aspilets tab,4.0,25.093753429785945,0.37453363328038725,Low Priority
AI-0874,Metronidazole 5 mg/ml,9.0,24.746139192344117,0.36934536107976296,Low Priority
R-0252,BRALIN TAB,16.0,24.188404626884576,0.3610209645803668,Low Priority
R-4854,Handscoend uk. M Maxter,100.0,23.24754793027274,0.3469783273175036,Low Priority
R-1473,Metherinal tab,16.0,22.639670537087696,0.33790553040429394,Low Priority
AI-0962,NonFlamin 50 mg,26.0,21.984433827570633,0.3281258780234423,Low Priority
R-1693,Nulacta Plus cap,32.0,19.601641926278134,0.292561819795196,Low Priority
R-2909,HB-VIT,14.0,18.847876183958594,0.2813115848352029,Low Priority
R-4932,GLUCOVANCE 500/5mg tab,90.0,18.075718106200256,0.269786837405974,Low Priority
R-3967,Kasa Steril,9.0,17.384688519010886,0.25947296297031175,Low Priority
R-0206,Bic Natric tab,90.0,17.180011667296068,0.2564180845865085,Low Priority
AI-0700,Isoniazid 100 mg,7.0,16.483922706768702,0.24602869711595077,Low Priority
R-1866,Pravastatin 20mg,30.0,16.472763550893468,0.24586214255064878,Low Priority
R-0679,Dopamet,15.0,16.472763550893468,0.24586214255064878,Low Priority
AI-1151,Ramixal 2,14.0,16.472763550893468,0.24586214255064878,Low Priority
R-0139,Ascardia 80mg tab,30.0,16.472763550893468,0.24586214255064878,Low Priority
R-1369,Loratadin 10mg,20.0,16.467735084295022,0.24578709081037345,Low Priority
R-0423,Cetirizin,6.0,16.467735084295022,0.24578709081037345,Low Priority
R-4814,GLUDEPATIC 500,30.0,16.467735084295022,0.24578709081037345,Low Priority
R-2282,Thyrax,30.0,16.329964393944127,0.24373081184991235,Low Priority
AI-1316,Tamofen 20 mg,7.0,16.05393285197811,0.23961093808922554,Low Priority
AI-0689,Irbesartan 150 mg,1.0,15.972358371107152,0.23839340852398735,Low Priority
R-3122,PLASMINEX TAB,10.0,15.842759478594783,0.23645909669544452,Low Priority
R-0056,Allopurinol 100mg tab,3.0,15.705703348488099,0.2344134828132552,Low Priority
R-3393,ZYLORIC TAB 300 MG,30.0,15.499074013197419,0.23132946288354356,Low Priority
AI-1317,Tanapress 10 mg,30.0,15.499074013197419,0.23132946288354356,Low Priority
AI-1392,Urinter 400 mg,6.0,15.499074013197419,0.23132946288354356,Low Priority
R-0292,Calsivas 5,30.0,15.499074013197419,0.23132946288354356,Low Priority
AI-0455,Ethigent 40 mg/ml,2.0,15.499074013197419,0.23132946288354356,Low Priority
R-5203,Avesco 20mg ,30.0,15.499074013197419,0.23132946288354356,Low Priority
R-0247,Brainact 500 mg tab,60.0,14.848336950338128,0.22161696940803177,Low Priority
AI-0102,Asabium 10 mg,10.0,14.60177603304664,0.21793695571711402,Low Priority
R-4666,Maxcef 500mg Tab,0.0,0.0,0.0,Low Priority
AI-0047,Alprazolam 1 mg,0.0,0.0,0.0,Low Priority
R-4506,Masker Jilbab Remedi @ 50 pcs,0.0,0.0,0.0,Low Priority
R-1070,Hytrin 1 mg,0.0,0.0,0.0,Low Priority
AI-0721,Kalsium Laktat 500 mg,0.0,0.0,0.0,Low Priority
R-5321,Fitbon 500mg,0.0,0.0,0.0,Low Priority
AI-0118,Atmacid 350 mg kom,0.0,0.0,0.0,Low Priority
R-4940,Compraz 30mg tab,0.0,0.0,0.0,Low Priority
R-1117,INH 100mg,0.0,0.0,0.0,Low Priority
R-1205,Kapsul kosong 2,0.0,0.0,0.0,Low Priority
R-0917,Furosemid,0.0,0.0,0.0,Low Priority
R-0235,Bisoprolol 5mg tab,0.0,0.0,0.0,Low Priority
R-1449,Meloxicam 15mg,0.0,0.0,0.0,Low Priority
R-1469,Mestinon tab,0.0,0.0,0.0,Low Priority
R-1471,Metformin 500,0.0,0.0,0.0,Low Priority
R-0973,Glucodex 80mg,0.0,0.0,0.0,Low Priority
R-0971,Glucobay 50,0.0,0.0,0.0,Low Priority
AI-0701,Isoniazide 300 mg,0.0,0.0,0.0,Low Priority
R-0486,Clonidine 0.15mg,0.0,0.0,0.0,Low Priority
R-1027,Hemapo 3000 iu,0.0,0.0,0.0,Low Priority
R-0064,alprazolam 0.5mg,0.0,0.0,0.0,Low Priority
AI-0826,Maintate 5 mg,0.0,0.0,0.0,Low Priority
AI-0832,Mecobalamine 500 mcg,0.0,0.0,0.0,Low Priority
R-2264,Tetracyline 250,0.0,0.0,0.0,Low Priority
AI-0825,Maintate 2,0.0,0.0,0.0,Low Priority
AI-1531,Gliquidone     30 mg,0.0,0.0,0.0,Low Priority
AI-1525,Desoximetasone  0,0.0,0.0,0.0,Low Priority
R-1779,Papaverin Tab,0.0,0.0,0.0,Low Priority
R-0224,Biothicol 500 tab,0.0,0.0,0.0,Low Priority
R-1709,OLMETEC 20,0.0,0.0,0.0,Low Priority
R-1741,Osteocal 500 tab,0.0,0.0,0.0,Low Priority
R-0282,Calcium Lactat Tab,0.0,0.0,0.0,Low Priority
R-0254,Braxidin Tab tab,0.0,0.0,0.0,Low Priority
R-1672,Norvask 5 mg,0.0,0.0,0.0,Low Priority
R-1710,OLMETEC TAB 40MG,0.0,0.0,0.0,Low Priority
R-0122,Aptor tab,0.0,0.0,0.0,Low Priority
R-0175,Becefort tab,0.0,0.0,0.0,Low Priority
R-0147,Atmacid 400 tab,0.0,0.0,0.0,Low Priority
R-0111,Antimo tab,0.0,0.0,0.0,Low Priority
R-1820,Phenytoin,0.0,0.0,0.0,Low Priority
R-2119,Simarc 2mg tab,0.0,0.0,0.0,Low Priority
AI-1462,Xeloda 500 mg,0.0,0.0,0.0,Low Priority
R-1998,Rhinofed Tab,0.0,0.0,0.0,Low Priority
AI-1402,Valsartan NI 160 mg,0.0,0.0,0.0,Low Priority
R-2354,Trolip 100mg,0.0,0.0,0.0,Low Priority
AI-0590,Grahabion komb,0.0,0.0,0.0,Low Priority
AI-0596,Gratheos 50 mg,0.0,0.0,0.0,Low Priority
AI-0580,Gludepatic 500 mg,0.0,0.0,0.0,Low Priority
AI-1599,Natrium Diklofenac 50mg,0.0,0.0,0.0,Low Priority
AI-1350,Tibitol 500 mg,0.0,0.0,0.0,Low Priority
AI-1349,Tibitol 250 mg,0.0,0.0,0.0,Low Priority
AI-0360,Dextromethorphan 15 mg,0.0,0.0,0.0,Low Priority
AI-0341,Dekstrometorfan 15 mg,0.0,0.0,0.0,Low Priority
AI-1384,Tykerb 250 mg,0.0,0.0,0.0,Low Priority
AI-0301,CPG 75 mg,0.0,0.0,0.0,Low Priority
AI-0944,Neurovit E 150,0.0,0.0,0.0,Low Priority
AI-1027,Osfit 625 mg,0.0,0.0,0.0,Low Priority
AI-1035,Otsu RL 500 ml,0.0,0.0,0.0,Low Priority
AI-0485,Fenaren 50 mg,0.0,0.0,0.0,Low Priority
R-3094,OSFIT DHA,0.0,0.0,0.0,Low Priority
R-3000,LYRICA 75MG CAP,0.0,0.0,0.0,Low Priority
R-2785,ECLID 100MG TAB,0.0,0.0,0.0,Low Priority
R-2786,ECLID 50MG TAB,0.0,0.0,0.0,Low Priority
AI-1112,Prenatin Plus komb,0.0,0.0,0.0,Low Priority
AI-1348,Tibigon 500 mg,0.0,0.0,0.0,Low Priority
AI-0272,Clopidogrel 75 mg,0.0,0.0,0.0,Low Priority
R-3840,Handscoend uk. M Arista,0.0,0.0,0.0,Low Priority
R-4831,Disp spuit 10 cc stera,0.0,0.0,0.0,Low Priority
R-3846,Hansaplast biasa,0.0,0.0,0.0,Low Priority
R-3267,Spironolactan 25 mg (DEXA),0.0,0.0,0.0,Low Priority
AI-1180,Rifampicin 450 mg,0.0,0.0,0.0,Low Priority
R-5271,Amlodipin 5mg ,0.0,0.0,0.0,Low Priority
R-5261,Kalium diclofenac 25mg,0.0,0.0,0.0,Low Priority
R-5283,Fenofibrate 100mg,0.0,0.0,0.0,Low Priority
R-5279,Cordila SR 180,0.0,0.0,0.0,Low Priority
